2024,03,30,09,10,38,6,0,brave,108.158.46.102,24.7
2024,03,30,09,10,38,6,0,brave,108.158.46.102,24.2
2024,03,30,09,10,38,6,0,brave,108.158.46.102,23.6
2024,03,30,09,10,38,6,0,brave,108.158.46.102,23.8
2024,03,30,09,10,38,6,0,brave,108.158.46.102,24.2
2024,03,30,09,10,38,6,0,brave,108.158.46.102,24.5
2024,03,30,09,10,38,6,0,brave,108.158.46.102,58.9
2024,03,30,09,10,38,6,0,brave,108.158.46.102,59.3
2024,03,30,09,10,38,6,0,brave,108.158.46.102,23.1
2024,03,30,09,10,38,6,0,brave,108.158.46.102,24.4
2024,03,30,09,10,38,6,0,brave,108.158.46.102,52.6
2024,03,30,09,10,38,6,0,brave,108.158.46.102,60.4
2024,03,30,09,10,38,6,0,brave,108.158.46.102,62.1
2024,03,30,09,10,38,6,0,brave,108.158.46.102,61.4
2024,03,30,09,10,38,6,0,brave,108.158.46.102,38.2
2024,03,30,09,10,38,6,0,brave,108.158.46.102,60.6
2024,03,30,09,10,38,6,0,brave,108.158.46.102,60.0
2024,03,30,09,10,38,6,0,brave,108.158.46.102,25.1
2024,03,30,09,10,38,6,0,brave,108.158.46.102,58.6
2024,03,30,09,10,38,6,0,brave,108.158.46.102,24.6
2024,03,30,09,10,38,6,0,brave,108.158.46.102,60.4
2024,03,30,09,10,38,6,0,brave,108.158.46.102,59.0
2024,03,30,09,10,38,6,0,brave,108.158.46.102,24.5
2024,03,30,09,10,38,6,0,brave,108.158.46.102,58.1
2024,03,30,09,10,38,6,0,brave,108.158.46.102,23.9
2024,03,30,09,10,38,6,0,brave,108.158.46.102,57.2
2024,03,30,09,10,38,6,0,brave,108.158.46.102,56.8
2024,03,30,09,10,38,6,0,brave,108.158.46.102,57.6
2024,03,30,09,10,38,6,0,brave,108.158.46.102,42.9
2024,03,30,09,10,38,6,0,brave,108.158.46.102,58.3
2024,03,30,09,10,38,6,0,brave,108.158.46.102,59.3
2024,03,30,09,10,38,6,0,brave,108.158.46.102,24.8
2024,03,30,09,10,38,6,0,brave,108.158.46.102,24.3
2024,03,30,09,10,38,6,0,brave,108.158.46.102,51.8
2024,03,30,09,10,38,6,0,brave,108.158.46.102,59.1
2024,03,30,09,10,38,6,0,brave,108.158.46.102,69.3
2024,03,30,09,10,38,6,0,brave,108.158.46.102,24.4
2024,03,30,09,10,38,6,0,brave,108.158.46.102,40.0
2024,03,30,09,10,38,6,0,brave,108.158.46.102,64.0
2024,03,30,09,10,38,6,0,brave,108.158.46.102,29.2
2024,03,30,09,10,38,6,0,brave,108.158.46.102,60.1
2024,03,30,09,10,38,6,0,brave,108.158.46.102,33.7
2024,03,30,09,10,38,6,0,brave,108.158.46.102,48.8
2024,03,30,09,10,38,6,0,brave,108.158.46.102,59.6
2024,03,30,09,10,38,6,0,brave,108.158.46.102,43.2
2024,03,30,09,10,38,6,0,brave,108.158.46.102,66.6
2024,03,30,09,10,38,6,0,brave,108.158.46.102,37.6
2024,03,30,09,10,38,6,0,brave,108.158.46.102,59.5
2024,03,30,09,10,38,6,0,brave,108.158.46.102,59.0
2024,03,30,09,10,38,6,0,brave,108.158.46.102,34.9
2024,03,30,09,14,31,6,0,brave,108.158.46.26,80.0
2024,03,30,09,14,31,6,0,brave,108.158.46.26,82.7
2024,03,30,09,14,31,6,0,brave,108.158.46.26,84.1
2024,03,30,09,14,31,6,0,brave,108.158.46.26,84.7
2024,03,30,09,14,31,6,0,brave,108.158.46.26,70.1
2024,03,30,09,14,31,6,0,brave,108.158.46.26,83.9
2024,03,30,09,14,31,6,0,brave,108.158.46.26,83.9
2024,03,30,09,14,31,6,0,brave,108.158.46.26,83.5
2024,03,30,09,14,31,6,0,brave,108.158.46.26,58.0
2024,03,30,09,14,31,6,0,brave,108.158.46.26,80.5
2024,03,30,09,14,31,6,0,brave,108.158.46.26,103
2024,03,30,09,14,31,6,0,brave,108.158.46.26,126
2024,03,30,09,14,31,6,0,brave,108.158.46.26,148
2024,03,30,09,14,31,6,0,brave,108.158.46.26,69.0
2024,03,30,09,14,31,6,0,brave,108.158.46.26,91.4
2024,03,30,09,14,31,6,0,brave,108.158.46.26,115
2024,03,30,09,14,31,6,0,brave,108.158.46.26,46.4
2024,03,30,09,14,31,6,0,brave,108.158.46.26,57.0
2024,03,30,09,14,31,6,0,brave,108.158.46.26,79.3
2024,03,30,09,14,31,6,0,brave,108.158.46.26,99.3
2024,03,30,09,14,31,6,0,brave,108.158.46.26,122
2024,03,30,09,14,31,6,0,brave,108.158.46.26,144
2024,03,30,09,14,31,6,0,brave,108.158.46.26,65.6
2024,03,30,09,14,31,6,0,brave,108.158.46.26,88.8
2024,03,30,09,14,31,6,0,brave,108.158.46.26,111
2024,03,30,09,14,31,6,0,brave,108.158.46.26,236
2024,03,30,09,14,31,6,0,brave,108.158.46.26,157
2024,03,30,09,14,31,6,0,brave,108.158.46.26,77.0
2024,03,30,09,14,31,6,0,brave,108.158.46.26,99.8
2024,03,30,09,14,31,6,0,brave,108.158.46.26,123
2024,03,30,09,14,31,6,0,brave,108.158.46.26,145
2024,03,30,09,14,31,6,0,brave,108.158.46.26,65.5
2024,03,30,09,14,31,6,0,brave,108.158.46.26,89.5
2024,03,30,09,14,31,6,0,brave,108.158.46.26,112
2024,03,30,09,14,31,6,0,brave,108.158.46.26,135
2024,03,30,09,14,31,6,0,brave,108.158.46.26,55.2
2024,03,30,09,14,31,6,0,brave,108.158.46.26,77.3
2024,03,30,09,14,31,6,0,brave,108.158.46.26,99.6
2024,03,30,09,14,31,6,0,brave,108.158.46.26,123
2024,03,30,09,14,31,6,0,brave,108.158.46.26,146
2024,03,30,09,14,31,6,0,brave,108.158.46.26,66.1
2024,03,30,09,14,31,6,0,brave,108.158.46.26,88.5
2024,03,30,09,14,31,6,0,brave,108.158.46.26,112
2024,03,30,09,14,31,6,0,brave,108.158.46.26,134
2024,03,30,09,14,31,6,0,brave,108.158.46.26,157
2024,03,30,09,14,31,6,0,brave,108.158.46.26,79.9
2024,03,30,09,14,31,6,0,brave,108.158.46.26,100
2024,03,30,09,14,31,6,0,brave,108.158.46.26,123
2024,03,30,09,14,31,6,0,brave,108.158.46.26,146
2024,03,30,09,14,31,6,0,brave,108.158.46.26,63.7
2024,03,30,09,15,55,6,0,brave,108.158.46.70,30.3
2024,03,30,09,15,55,6,0,brave,108.158.46.70,23.9
2024,03,30,09,15,55,6,0,brave,108.158.46.70,24.4
2024,03,30,09,15,55,6,0,brave,108.158.46.70,24.7
2024,03,30,09,15,55,6,0,brave,108.158.46.70,26.2
2024,03,30,09,15,55,6,0,brave,108.158.46.70,23.9
2024,03,30,09,15,55,6,0,brave,108.158.46.70,26.5
2024,03,30,09,15,55,6,0,brave,108.158.46.70,24.0
2024,03,30,09,15,55,6,0,brave,108.158.46.70,24.0
2024,03,30,09,15,55,6,0,brave,108.158.46.70,24.0
2024,03,30,09,15,55,6,0,brave,108.158.46.70,24.9
2024,03,30,09,15,55,6,0,brave,108.158.46.70,24.0
2024,03,30,09,15,55,6,0,brave,108.158.46.70,27.1
2024,03,30,09,15,55,6,0,brave,108.158.46.70,24.7
2024,03,30,09,15,55,6,0,brave,108.158.46.70,24.0
2024,03,30,09,15,55,6,0,brave,108.158.46.70,24.1
2024,03,30,09,15,55,6,0,brave,108.158.46.70,30.4
2024,03,30,09,15,55,6,0,brave,108.158.46.70,24.5
2024,03,30,09,15,55,6,0,brave,108.158.46.70,24.6
2024,03,30,09,15,55,6,0,brave,108.158.46.70,23.8
2024,03,30,09,15,55,6,0,brave,108.158.46.70,22.2
2024,03,30,09,15,55,6,0,brave,108.158.46.70,24.1
2024,03,30,09,15,55,6,0,brave,108.158.46.70,24.0
2024,03,30,09,15,55,6,0,brave,108.158.46.70,24.3
2024,03,30,09,15,55,6,0,brave,108.158.46.70,25.4
2024,03,30,09,15,55,6,0,brave,108.158.46.70,24.5
2024,03,30,09,15,55,6,0,brave,108.158.46.70,24.2
2024,03,30,09,15,55,6,0,brave,108.158.46.70,24.2
2024,03,30,09,15,55,6,0,brave,108.158.46.70,26.2
2024,03,30,09,15,55,6,0,brave,108.158.46.70,24.2
2024,03,30,09,15,55,6,0,brave,108.158.46.70,24.1
2024,03,30,09,15,55,6,0,brave,108.158.46.70,25.0
2024,03,30,09,15,55,6,0,brave,108.158.46.70,24.1
2024,03,30,09,15,55,6,0,brave,108.158.46.70,26.4
2024,03,30,09,15,55,6,0,brave,108.158.46.70,24.7
2024,03,30,09,15,55,6,0,brave,108.158.46.70,33.5
2024,03,30,09,15,55,6,0,brave,108.158.46.70,24.3
2024,03,30,09,15,55,6,0,brave,108.158.46.70,24.5
2024,03,30,09,15,55,6,0,brave,108.158.46.70,24.0
2024,03,30,09,15,55,6,0,brave,108.158.46.70,24.0
2024,03,30,09,15,55,6,0,brave,108.158.46.70,24.1
2024,03,30,09,15,55,6,0,brave,108.158.46.70,24.1
2024,03,30,09,15,55,6,0,brave,108.158.46.70,24.0
2024,03,30,09,15,55,6,0,brave,108.158.46.70,23.2
2024,03,30,09,15,55,6,0,brave,108.158.46.70,22.2
2024,03,30,09,15,55,6,0,brave,108.158.46.70,24.1
2024,03,30,09,15,55,6,0,brave,108.158.46.70,24.6
2024,03,30,09,15,55,6,0,brave,108.158.46.70,24.2
2024,03,30,09,15,55,6,0,brave,108.158.46.70,24.6
2024,03,30,09,15,55,6,0,brave,108.158.46.70,24.6
