2024,03,30,09,12,20,6,0,duckduckgo,20.204.244.192,27.9
2024,03,30,09,12,20,6,0,duckduckgo,20.204.244.192,27.8
2024,03,30,09,12,20,6,0,duckduckgo,20.204.244.192,27.3
2024,03,30,09,12,20,6,0,duckduckgo,20.204.244.192,27.6
2024,03,30,09,12,20,6,0,duckduckgo,20.204.244.192,27.3
2024,03,30,09,12,20,6,0,duckduckgo,20.204.244.192,26.1
2024,03,30,09,12,20,6,0,duckduckgo,20.204.244.192,26.3
2024,03,30,09,12,20,6,0,duckduckgo,20.204.244.192,26.2
2024,03,30,09,12,20,6,0,duckduckgo,20.204.244.192,96.9
2024,03,30,09,12,20,6,0,duckduckgo,20.204.244.192,28.5
2024,03,30,09,12,20,6,0,duckduckgo,20.204.244.192,102
2024,03,30,09,12,20,6,0,duckduckgo,20.204.244.192,125
2024,03,30,09,12,20,6,0,duckduckgo,20.204.244.192,44.0
2024,03,30,09,12,20,6,0,duckduckgo,20.204.244.192,66.5
2024,03,30,09,12,20,6,0,duckduckgo,20.204.244.192,92.7
2024,03,30,09,12,20,6,0,duckduckgo,20.204.244.192,50.1
2024,03,30,09,12,20,6,0,duckduckgo,20.204.244.192,100
2024,03,30,09,12,20,6,0,duckduckgo,20.204.244.192,37.7
2024,03,30,09,12,20,6,0,duckduckgo,20.204.244.192,85.7
2024,03,30,09,12,20,6,0,duckduckgo,20.204.244.192,108
2024,03,30,09,12,20,6,0,duckduckgo,20.204.244.192,28.1
2024,03,30,09,12,20,6,0,duckduckgo,20.204.244.192,112
2024,03,30,09,12,20,6,0,duckduckgo,20.204.244.192,127
2024,03,30,09,12,20,6,0,duckduckgo,20.204.244.192,148
2024,03,30,09,12,20,6,0,duckduckgo,20.204.244.192,28.5
2024,03,30,09,12,20,6,0,duckduckgo,20.204.244.192,27.5
2024,03,30,09,12,20,6,0,duckduckgo,20.204.244.192,46.4
2024,03,30,09,12,20,6,0,duckduckgo,20.204.244.192,66.6
2024,03,30,09,12,20,6,0,duckduckgo,20.204.244.192,30.6
2024,03,30,09,12,20,6,0,duckduckgo,20.204.244.192,275
2024,03,30,09,12,20,6,0,duckduckgo,20.204.244.192,51.7
2024,03,30,09,12,20,6,0,duckduckgo,20.204.244.192,156
2024,03,30,09,12,20,6,0,duckduckgo,20.204.244.192,1014
2024,03,30,09,12,20,6,0,duckduckgo,20.204.244.192,109
2024,03,30,09,12,20,6,0,duckduckgo,20.204.244.192,28.3
2024,03,30,09,12,20,6,0,duckduckgo,20.204.244.192,130
2024,03,30,09,12,20,6,0,duckduckgo,20.204.244.192,50.9
2024,03,30,09,12,20,6,0,duckduckgo,20.204.244.192,102
2024,03,30,09,12,20,6,0,duckduckgo,20.204.244.192,60.6
2024,03,30,09,12,20,6,0,duckduckgo,20.204.244.192,45.0
2024,03,30,09,12,20,6,0,duckduckgo,20.204.244.192,28.2
2024,03,30,09,12,20,6,0,duckduckgo,20.204.244.192,65.0
2024,03,30,09,12,20,6,0,duckduckgo,20.204.244.192,110
2024,03,30,09,12,20,6,0,duckduckgo,20.204.244.192,141
2024,03,30,09,12,20,6,0,duckduckgo,20.204.244.192,55.2
2024,03,30,09,12,20,6,0,duckduckgo,20.204.244.192,75.1
2024,03,30,09,12,20,6,0,duckduckgo,20.204.244.192,96.9
2024,03,30,09,12,20,6,0,duckduckgo,20.204.244.192,39.1
2024,03,30,09,12,20,6,0,duckduckgo,20.204.244.192,105
2024,03,30,09,12,20,6,0,duckduckgo,20.204.244.192,106
2024,03,30,09,14,46,6,0,duckduckgo,20.204.244.192,102
2024,03,30,09,14,46,6,0,duckduckgo,20.204.244.192,28.1
2024,03,30,09,14,46,6,0,duckduckgo,20.204.244.192,27.7
2024,03,30,09,14,46,6,0,duckduckgo,20.204.244.192,27.6
2024,03,30,09,14,46,6,0,duckduckgo,20.204.244.192,90.7
2024,03,30,09,14,46,6,0,duckduckgo,20.204.244.192,27.7
2024,03,30,09,14,46,6,0,duckduckgo,20.204.244.192,27.8
2024,03,30,09,14,46,6,0,duckduckgo,20.204.244.192,28.2
2024,03,30,09,14,46,6,0,duckduckgo,20.204.244.192,79.0
2024,03,30,09,14,46,6,0,duckduckgo,20.204.244.192,101
2024,03,30,09,14,46,6,0,duckduckgo,20.204.244.192,100
2024,03,30,09,14,46,6,0,duckduckgo,20.204.244.192,29.5
2024,03,30,09,14,46,6,0,duckduckgo,20.204.244.192,46.5
2024,03,30,09,14,46,6,0,duckduckgo,20.204.244.192,124
2024,03,30,09,14,46,6,0,duckduckgo,20.204.244.192,27.7
2024,03,30,09,14,46,6,0,duckduckgo,20.204.244.192,55.0
2024,03,30,09,14,46,6,0,duckduckgo,20.204.244.192,73.7
2024,03,30,09,14,46,6,0,duckduckgo,20.204.244.192,318
2024,03,30,09,14,46,6,0,duckduckgo,20.204.244.192,57.2
2024,03,30,09,14,46,6,0,duckduckgo,20.204.244.192,58.0
2024,03,30,09,14,46,6,0,duckduckgo,20.204.244.192,28.2
2024,03,30,09,14,46,6,0,duckduckgo,20.204.244.192,110
2024,03,30,09,14,46,6,0,duckduckgo,20.204.244.192,28.8
2024,03,30,09,14,46,6,0,duckduckgo,20.204.244.192,27.8
2024,03,30,09,14,46,6,0,duckduckgo,20.204.244.192,67.5
2024,03,30,09,14,46,6,0,duckduckgo,20.204.244.192,91.0
2024,03,30,09,14,46,6,0,duckduckgo,20.204.244.192,107
2024,03,30,09,14,46,6,0,duckduckgo,20.204.244.192,28.3
2024,03,30,09,14,46,6,0,duckduckgo,20.204.244.192,49.4
2024,03,30,09,14,46,6,0,duckduckgo,20.204.244.192,71.4
2024,03,30,09,14,46,6,0,duckduckgo,20.204.244.192,94.2
2024,03,30,09,14,46,6,0,duckduckgo,20.204.244.192,116
2024,03,30,09,14,46,6,0,duckduckgo,20.204.244.192,36.9
2024,03,30,09,14,46,6,0,duckduckgo,20.204.244.192,59.7
2024,03,30,09,14,46,6,0,duckduckgo,20.204.244.192,83.0
2024,03,30,09,14,46,6,0,duckduckgo,20.204.244.192,106
2024,03,30,09,14,46,6,0,duckduckgo,20.204.244.192,129
2024,03,30,09,14,46,6,0,duckduckgo,20.204.244.192,28.0
2024,03,30,09,14,46,6,0,duckduckgo,20.204.244.192,71.8
2024,03,30,09,14,46,6,0,duckduckgo,20.204.244.192,94.6
2024,03,30,09,14,46,6,0,duckduckgo,20.204.244.192,117
2024,03,30,09,14,46,6,0,duckduckgo,20.204.244.192,37.7
2024,03,30,09,14,46,6,0,duckduckgo,20.204.244.192,60.0
2024,03,30,09,14,46,6,0,duckduckgo,20.204.244.192,102
2024,03,30,09,14,46,6,0,duckduckgo,20.204.244.192,126
2024,03,30,09,14,46,6,0,duckduckgo,20.204.244.192,48.0
2024,03,30,09,14,46,6,0,duckduckgo,20.204.244.192,27.7
2024,03,30,09,14,46,6,0,duckduckgo,20.204.244.192,95.1
2024,03,30,09,14,46,6,0,duckduckgo,20.204.244.192,119
2024,03,30,09,14,46,6,0,duckduckgo,20.204.244.192,40.3
2024,03,30,09,16,27,6,0,duckduckgo,20.204.244.192,28.3
2024,03,30,09,16,27,6,0,duckduckgo,20.204.244.192,27.7
2024,03,30,09,16,27,6,0,duckduckgo,20.204.244.192,33.6
2024,03,30,09,16,27,6,0,duckduckgo,20.204.244.192,27.7
2024,03,30,09,16,27,6,0,duckduckgo,20.204.244.192,28.1
2024,03,30,09,16,27,6,0,duckduckgo,20.204.244.192,27.7
2024,03,30,09,16,27,6,0,duckduckgo,20.204.244.192,27.7
2024,03,30,09,16,27,6,0,duckduckgo,20.204.244.192,106
2024,03,30,09,16,27,6,0,duckduckgo,20.204.244.192,28.4
2024,03,30,09,16,27,6,0,duckduckgo,20.204.244.192,49.4
2024,03,30,09,16,27,6,0,duckduckgo,20.204.244.192,72.2
2024,03,30,09,16,27,6,0,duckduckgo,20.204.244.192,27.8
2024,03,30,09,16,27,6,0,duckduckgo,20.204.244.192,117
2024,03,30,09,16,27,6,0,duckduckgo,20.204.244.192,38.2
2024,03,30,09,16,27,6,0,duckduckgo,20.204.244.192,60.5
2024,03,30,09,16,27,6,0,duckduckgo,20.204.244.192,83.9
2024,03,30,09,16,27,6,0,duckduckgo,20.204.244.192,107
2024,03,30,09,16,27,6,0,duckduckgo,20.204.244.192,129
2024,03,30,09,16,27,6,0,duckduckgo,20.204.244.192,49.5
2024,03,30,09,16,27,6,0,duckduckgo,20.204.244.192,28.1
2024,03,30,09,16,27,6,0,duckduckgo,20.204.244.192,401
2024,03,30,09,16,27,6,0,duckduckgo,20.204.244.192,117
2024,03,30,09,16,27,6,0,duckduckgo,20.204.244.192,36.9
2024,03,30,09,16,27,6,0,duckduckgo,20.204.244.192,59.5
2024,03,30,09,16,27,6,0,duckduckgo,20.204.244.192,82.1
2024,03,30,09,16,27,6,0,duckduckgo,20.204.244.192,104
2024,03,30,09,16,27,6,0,duckduckgo,20.204.244.192,127
2024,03,30,09,16,27,6,0,duckduckgo,20.204.244.192,47.6
2024,03,30,09,16,27,6,0,duckduckgo,20.204.244.192,70.9
2024,03,30,09,16,27,6,0,duckduckgo,20.204.244.192,92.5
2024,03,30,09,16,27,6,0,duckduckgo,20.204.244.192,27.7
2024,03,30,09,16,27,6,0,duckduckgo,20.204.244.192,27.1
2024,03,30,09,16,27,6,0,duckduckgo,20.204.244.192,28.0
2024,03,30,09,16,27,6,0,duckduckgo,20.204.244.192,95.6
2024,03,30,09,16,27,6,0,duckduckgo,20.204.244.192,119
2024,03,30,09,16,27,6,0,duckduckgo,20.204.244.192,37.5
2024,03,30,09,16,27,6,0,duckduckgo,20.204.244.192,60.5
2024,03,30,09,16,27,6,0,duckduckgo,20.204.244.192,88.4
2024,03,30,09,16,27,6,0,duckduckgo,20.204.244.192,105
2024,03,30,09,16,27,6,0,duckduckgo,20.204.244.192,127
2024,03,30,09,16,27,6,0,duckduckgo,20.204.244.192,130
2024,03,30,09,16,27,6,0,duckduckgo,20.204.244.192,102
2024,03,30,09,16,27,6,0,duckduckgo,20.204.244.192,125
2024,03,30,09,16,27,6,0,duckduckgo,20.204.244.192,44.5
2024,03,30,09,16,27,6,0,duckduckgo,20.204.244.192,67.8
2024,03,30,09,16,27,6,0,duckduckgo,20.204.244.192,26.4
2024,03,30,09,16,27,6,0,duckduckgo,20.204.244.192,72.2
2024,03,30,09,16,27,6,0,duckduckgo,20.204.244.192,32.4
2024,03,30,09,16,27,6,0,duckduckgo,20.204.244.192,26.8
2024,03,30,09,16,27,6,0,duckduckgo,20.204.244.192,36.5
