2024, 03, 20, 09, 05, 35, 3, 0, example, 93.184.216.34, 262
2024, 03, 20, 09, 05, 35, 3, 0, example, 93.184.216.34, 263
2024, 03, 20, 09, 05, 35, 3, 0, example, 93.184.216.34, 263
2024, 03, 20, 09, 05, 35, 3, 0, example, 93.184.216.34, 263
2024, 03, 20, 09, 05, 35, 3, 0, example, 93.184.216.34, 262
2024, 03, 20, 09, 05, 35, 3, 0, example, 93.184.216.34, 267
2024, 03, 20, 09, 05, 35, 3, 0, example, 93.184.216.34, 265
2024, 03, 20, 09, 05, 35, 3, 0, example, 93.184.216.34, 263
2024, 03, 20, 09, 05, 35, 3, 0, example, 93.184.216.34, 263
2024, 03, 20, 09, 05, 35, 3, 0, example, 93.184.216.34, 262
2024, 03, 20, 09, 05, 35, 3, 0, example, 93.184.216.34, 264
2024, 03, 20, 09, 05, 35, 3, 0, example, 93.184.216.34, 263
2024, 03, 20, 09, 05, 35, 3, 0, example, 93.184.216.34, 262
2024, 03, 20, 09, 05, 35, 3, 0, example, 93.184.216.34, 263
2024, 03, 20, 09, 05, 35, 3, 0, example, 93.184.216.34, 263
2024, 03, 20, 09, 05, 35, 3, 0, example, 93.184.216.34, 263
2024, 03, 20, 09, 05, 35, 3, 0, example, 93.184.216.34, 263
2024, 03, 20, 09, 05, 35, 3, 0, example, 93.184.216.34, 262
2024, 03, 20, 09, 05, 35, 3, 0, example, 93.184.216.34, 263
2024, 03, 20, 09, 05, 35, 3, 0, example, 93.184.216.34, 263
2024, 03, 20, 09, 05, 35, 3, 0, example, 93.184.216.34, 263
2024, 03, 20, 09, 05, 35, 3, 0, example, 93.184.216.34, 262
2024, 03, 20, 09, 05, 35, 3, 0, example, 93.184.216.34, 263
2024, 03, 20, 09, 05, 35, 3, 0, example, 93.184.216.34, 263
2024, 03, 20, 09, 05, 35, 3, 0, example, 93.184.216.34, 263
2024, 03, 20, 09, 05, 35, 3, 0, example, 93.184.216.34, 262
2024, 03, 20, 09, 05, 35, 3, 0, example, 93.184.216.34, 263
2024, 03, 20, 09, 05, 35, 3, 0, example, 93.184.216.34, 263
2024, 03, 20, 09, 05, 35, 3, 0, example, 93.184.216.34, 263
2024, 03, 20, 09, 05, 35, 3, 0, example, 93.184.216.34, 263
2024, 03, 20, 09, 05, 35, 3, 0, example, 93.184.216.34, 262
2024, 03, 20, 09, 05, 35, 3, 0, example, 93.184.216.34, 262
2024, 03, 20, 09, 05, 35, 3, 0, example, 93.184.216.34, 263
2024, 03, 20, 09, 05, 35, 3, 0, example, 93.184.216.34, 262
2024, 03, 20, 09, 05, 35, 3, 0, example, 93.184.216.34, 263
2024, 03, 20, 09, 05, 35, 3, 0, example, 93.184.216.34, 262
2024, 03, 20, 09, 05, 35, 3, 0, example, 93.184.216.34, 262
2024, 03, 20, 09, 05, 35, 3, 0, example, 93.184.216.34, 263
2024, 03, 20, 09, 05, 35, 3, 0, example, 93.184.216.34, 263
2024, 03, 20, 09, 05, 35, 3, 0, example, 93.184.216.34, 262
2024, 03, 20, 09, 05, 35, 3, 0, example, 93.184.216.34, 263
2024, 03, 20, 09, 05, 35, 3, 0, example, 93.184.216.34, 262
2024, 03, 20, 09, 05, 35, 3, 0, example, 93.184.216.34, 264
2024, 03, 20, 09, 05, 35, 3, 0, example, 93.184.216.34, 262
2024, 03, 20, 09, 05, 35, 3, 0, example, 93.184.216.34, 262
2024, 03, 20, 09, 05, 35, 3, 0, example, 93.184.216.34, 262
2024, 03, 20, 09, 05, 35, 3, 0, example, 93.184.216.34, 264
2024, 03, 20, 09, 05, 35, 3, 0, example, 93.184.216.34, 262
2024, 03, 20, 09, 05, 35, 3, 0, example, 93.184.216.34, 263
2024, 03, 20, 09, 05, 35, 3, 0, example, 93.184.216.34, 262
