2024,03,30,09,10,38,6,0,google,142.250.196.14,13.7
2024,03,30,09,10,38,6,0,google,142.250.196.14,14.9
2024,03,30,09,10,38,6,0,google,142.250.196.14,13.9
2024,03,30,09,10,38,6,0,google,142.250.196.14,13.9
2024,03,30,09,10,38,6,0,google,142.250.196.14,13.0
2024,03,30,09,10,38,6,0,google,142.250.196.14,14.0
2024,03,30,09,10,38,6,0,google,142.250.196.14,14.6
2024,03,30,09,10,38,6,0,google,142.250.196.14,14.2
2024,03,30,09,10,38,6,0,google,142.250.196.14,15.6
2024,03,30,09,10,38,6,0,google,142.250.196.14,14.8
2024,03,30,09,10,38,6,0,google,142.250.196.14,14.3
2024,03,30,09,10,38,6,0,google,142.250.196.14,15.8
2024,03,30,09,10,38,6,0,google,142.250.196.14,15.1
2024,03,30,09,10,38,6,0,google,142.250.196.14,14.9
2024,03,30,09,10,38,6,0,google,142.250.196.14,14.5
2024,03,30,09,10,38,6,0,google,142.250.196.14,14.3
2024,03,30,09,10,38,6,0,google,142.250.196.14,16.5
2024,03,30,09,10,38,6,0,google,142.250.196.14,14.3
2024,03,30,09,10,38,6,0,google,142.250.196.14,14.5
2024,03,30,09,10,38,6,0,google,142.250.196.14,14.4
2024,03,30,09,10,38,6,0,google,142.250.196.14,16.7
2024,03,30,09,10,38,6,0,google,142.250.196.14,14.1
2024,03,30,09,10,38,6,0,google,142.250.196.14,14.4
2024,03,30,09,10,38,6,0,google,142.250.196.14,14.7
2024,03,30,09,10,38,6,0,google,142.250.196.14,14.5
2024,03,30,09,10,38,6,0,google,142.250.196.14,14.5
2024,03,30,09,10,38,6,0,google,142.250.196.14,13.5
2024,03,30,09,10,38,6,0,google,142.250.196.14,15.3
2024,03,30,09,10,38,6,0,google,142.250.196.14,14.7
2024,03,30,09,10,38,6,0,google,142.250.196.14,15.0
2024,03,30,09,10,38,6,0,google,142.250.196.14,13.8
2024,03,30,09,10,38,6,0,google,142.250.196.14,14.3
2024,03,30,09,10,38,6,0,google,142.250.196.14,14.3
2024,03,30,09,10,38,6,0,google,142.250.196.14,14.0
2024,03,30,09,10,38,6,0,google,142.250.196.14,17.1
2024,03,30,09,10,38,6,0,google,142.250.196.14,22.9
2024,03,30,09,10,38,6,0,google,142.250.196.14,18.4
2024,03,30,09,10,38,6,0,google,142.250.196.14,85.0
2024,03,30,09,10,38,6,0,google,142.250.196.14,20.9
2024,03,30,09,10,38,6,0,google,142.250.196.14,139
2024,03,30,09,10,38,6,0,google,142.250.196.14,23.5
2024,03,30,09,10,38,6,0,google,142.250.196.14,16.8
2024,03,30,09,10,38,6,0,google,142.250.196.14,13.7
2024,03,30,09,10,38,6,0,google,142.250.196.14,14.7
2024,03,30,09,10,38,6,0,google,142.250.196.14,140
2024,03,30,09,10,38,6,0,google,142.250.196.14,21.3
2024,03,30,09,10,38,6,0,google,142.250.196.14,14.3
2024,03,30,09,10,38,6,0,google,142.250.196.14,15.4
2024,03,30,09,10,38,6,0,google,142.250.196.14,14.2
2024,03,30,09,10,38,6,0,google,142.250.196.14,13.7
2024,03,30,09,14,31,6,0,google,142.250.196.14,13.8
2024,03,30,09,14,31,6,0,google,142.250.196.14,13.7
2024,03,30,09,14,31,6,0,google,142.250.196.14,14.3
2024,03,30,09,14,31,6,0,google,142.250.196.14,13.6
2024,03,30,09,14,31,6,0,google,142.250.196.14,15.3
2024,03,30,09,14,31,6,0,google,142.250.196.14,14.0
2024,03,30,09,14,31,6,0,google,142.250.196.14,13.8
2024,03,30,09,14,31,6,0,google,142.250.196.14,14.0
2024,03,30,09,14,31,6,0,google,142.250.196.14,13.0
2024,03,30,09,14,31,6,0,google,142.250.196.14,13.3
2024,03,30,09,14,31,6,0,google,142.250.196.14,16.6
2024,03,30,09,14,31,6,0,google,142.250.196.14,13.4
2024,03,30,09,14,31,6,0,google,142.250.196.14,14.1
2024,03,30,09,14,31,6,0,google,142.250.196.14,14.1
2024,03,30,09,14,31,6,0,google,142.250.196.14,14.0
2024,03,30,09,14,31,6,0,google,142.250.196.14,14.4
2024,03,30,09,14,31,6,0,google,142.250.196.14,14.3
2024,03,30,09,14,31,6,0,google,142.250.196.14,14.1
2024,03,30,09,14,31,6,0,google,142.250.196.14,14.1
2024,03,30,09,14,31,6,0,google,142.250.196.14,15.9
2024,03,30,09,14,31,6,0,google,142.250.196.14,13.9
2024,03,30,09,14,31,6,0,google,142.250.196.14,13.9
2024,03,30,09,14,31,6,0,google,142.250.196.14,13.6
2024,03,30,09,14,31,6,0,google,142.250.196.14,14.2
2024,03,30,09,14,31,6,0,google,142.250.196.14,14.0
2024,03,30,09,14,31,6,0,google,142.250.196.14,110
2024,03,30,09,14,31,6,0,google,142.250.196.14,13.6
2024,03,30,09,14,31,6,0,google,142.250.196.14,14.4
2024,03,30,09,14,31,6,0,google,142.250.196.14,14.2
2024,03,30,09,14,31,6,0,google,142.250.196.14,14.1
2024,03,30,09,14,31,6,0,google,142.250.196.14,13.9
2024,03,30,09,14,31,6,0,google,142.250.196.14,14.2
2024,03,30,09,14,31,6,0,google,142.250.196.14,14.1
2024,03,30,09,14,31,6,0,google,142.250.196.14,14.1
2024,03,30,09,14,31,6,0,google,142.250.196.14,14.2
2024,03,30,09,14,31,6,0,google,142.250.196.14,14.4
2024,03,30,09,14,31,6,0,google,142.250.196.14,14.1
2024,03,30,09,14,31,6,0,google,142.250.196.14,14.1
2024,03,30,09,14,31,6,0,google,142.250.196.14,14.1
2024,03,30,09,14,31,6,0,google,142.250.196.14,13.9
2024,03,30,09,14,31,6,0,google,142.250.196.14,13.7
2024,03,30,09,14,31,6,0,google,142.250.196.14,15.9
2024,03,30,09,14,31,6,0,google,142.250.196.14,13.4
2024,03,30,09,14,31,6,0,google,142.250.196.14,14.0
2024,03,30,09,14,31,6,0,google,142.250.196.14,13.9
2024,03,30,09,14,31,6,0,google,142.250.196.14,14.3
2024,03,30,09,14,31,6,0,google,142.250.196.14,13.7
2024,03,30,09,14,31,6,0,google,142.250.196.14,14.0
2024,03,30,09,14,31,6,0,google,142.250.196.14,14.0
2024,03,30,09,14,31,6,0,google,142.250.196.14,14.1
2024,03,30,09,15,55,6,0,google,142.250.196.14,14.5
2024,03,30,09,15,55,6,0,google,142.250.196.14,13.6
2024,03,30,09,15,55,6,0,google,142.250.196.14,14.7
2024,03,30,09,15,55,6,0,google,142.250.196.14,14.4
2024,03,30,09,15,55,6,0,google,142.250.196.14,15.3
2024,03,30,09,15,55,6,0,google,142.250.196.14,13.5
2024,03,30,09,15,55,6,0,google,142.250.196.14,16.1
2024,03,30,09,15,55,6,0,google,142.250.196.14,13.9
2024,03,30,09,15,55,6,0,google,142.250.196.14,13.4
2024,03,30,09,15,55,6,0,google,142.250.196.14,11.7
2024,03,30,09,15,55,6,0,google,142.250.196.14,13.8
2024,03,30,09,15,55,6,0,google,142.250.196.14,14.4
2024,03,30,09,15,55,6,0,google,142.250.196.14,42.9
2024,03,30,09,15,55,6,0,google,142.250.196.14,13.5
2024,03,30,09,15,55,6,0,google,142.250.196.14,12.1
2024,03,30,09,15,55,6,0,google,142.250.196.14,11.5
2024,03,30,09,15,55,6,0,google,142.250.196.14,13.2
2024,03,30,09,15,55,6,0,google,142.250.196.14,12.8
2024,03,30,09,15,55,6,0,google,142.250.196.14,12.2
2024,03,30,09,15,55,6,0,google,142.250.196.14,11.6
2024,03,30,09,15,55,6,0,google,142.250.196.14,15.1
2024,03,30,09,15,55,6,0,google,142.250.196.14,11.9
2024,03,30,09,15,55,6,0,google,142.250.196.14,11.7
2024,03,30,09,15,55,6,0,google,142.250.196.14,12.0
2024,03,30,09,15,55,6,0,google,142.250.196.14,440
2024,03,30,09,15,55,6,0,google,142.250.196.14,11.4
2024,03,30,09,15,55,6,0,google,142.250.196.14,12.1
2024,03,30,09,15,55,6,0,google,142.250.196.14,12.1
2024,03,30,09,15,55,6,0,google,142.250.196.14,21.8
2024,03,30,09,15,55,6,0,google,142.250.196.14,11.7
2024,03,30,09,15,55,6,0,google,142.250.196.14,11.8
2024,03,30,09,15,55,6,0,google,142.250.196.14,11.8
2024,03,30,09,15,55,6,0,google,142.250.196.14,11.8
2024,03,30,09,15,55,6,0,google,142.250.196.14,13.2
2024,03,30,09,15,55,6,0,google,142.250.196.14,11.4
2024,03,30,09,15,55,6,0,google,142.250.196.14,18.2
2024,03,30,09,15,55,6,0,google,142.250.196.14,14.1
2024,03,30,09,15,55,6,0,google,142.250.196.14,12.1
2024,03,30,09,15,55,6,0,google,142.250.196.14,12.0
2024,03,30,09,15,55,6,0,google,142.250.196.14,12.0
2024,03,30,09,15,55,6,0,google,142.250.196.14,11.8
2024,03,30,09,15,55,6,0,google,142.250.196.14,11.5
2024,03,30,09,15,55,6,0,google,142.250.196.14,11.9
2024,03,30,09,15,55,6,0,google,142.250.196.14,14.1
2024,03,30,09,15,55,6,0,google,142.250.196.14,23.7
2024,03,30,09,15,55,6,0,google,142.250.196.14,12.2
2024,03,30,09,15,55,6,0,google,142.250.196.14,12.2
2024,03,30,09,15,55,6,0,google,142.250.196.14,11.8
2024,03,30,09,15,55,6,0,google,142.250.196.14,12.3
2024,03,30,09,15,55,6,0,google,142.250.196.14,11.8
