year,month,date,hours,minutes,seconds,weekday,weekend,site,IP,ping
2024,03,20,09,04,18,3,0,brave,108.158.46.70,31.9
2024,03,20,09,04,18,3,0,brave,108.158.46.70,29.7
2024,03,20,09,04,18,3,0,brave,108.158.46.70,29.8
2024,03,20,09,04,18,3,0,brave,108.158.46.70,29.6
2024,03,20,09,04,18,3,0,brave,108.158.46.70,30.5
2024,03,20,09,04,18,3,0,brave,108.158.46.70,29.4
2024,03,20,09,04,18,3,0,brave,108.158.46.70,30.0
2024,03,20,09,04,18,3,0,brave,108.158.46.70,33.1
2024,03,20,09,04,18,3,0,brave,108.158.46.70,29.7
2024,03,20,09,04,18,3,0,brave,108.158.46.70,30.5
2024,03,20,09,04,18,3,0,brave,108.158.46.70,30.5
2024,03,20,09,04,18,3,0,brave,108.158.46.70,31.0
2024,03,20,09,04,18,3,0,brave,108.158.46.70,30.4
2024,03,20,09,04,18,3,0,brave,108.158.46.70,34.6
2024,03,20,09,04,18,3,0,brave,108.158.46.70,38.7
2024,03,20,09,04,18,3,0,brave,108.158.46.70,31.6
2024,03,20,09,04,18,3,0,brave,108.158.46.70,29.6
2024,03,20,09,04,18,3,0,brave,108.158.46.70,29.7
2024,03,20,09,04,18,3,0,brave,108.158.46.70,29.6
2024,03,20,09,04,18,3,0,brave,108.158.46.70,29.7
2024,03,20,09,04,18,3,0,brave,108.158.46.70,30.7
2024,03,20,09,04,18,3,0,brave,108.158.46.70,29.6
2024,03,20,09,04,18,3,0,brave,108.158.46.70,29.7
2024,03,20,09,04,18,3,0,brave,108.158.46.70,28.8
2024,03,20,09,04,18,3,0,brave,108.158.46.70,30.0
2024,03,20,09,04,18,3,0,brave,108.158.46.70,30.2
2024,03,20,09,04,18,3,0,brave,108.158.46.70,29.8
2024,03,20,09,04,18,3,0,brave,108.158.46.70,29.9
2024,03,20,09,04,18,3,0,brave,108.158.46.70,30.6
2024,03,20,09,04,18,3,0,brave,108.158.46.70,30.5
2024,03,20,09,04,18,3,0,brave,108.158.46.70,30.0
2024,03,20,09,04,18,3,0,brave,108.158.46.70,30.3
2024,03,20,09,04,18,3,0,brave,108.158.46.70,30.6
2024,03,20,09,04,18,3,0,brave,108.158.46.70,30.7
2024,03,20,09,04,18,3,0,brave,108.158.46.70,30.7
2024,03,20,09,04,18,3,0,brave,108.158.46.70,30.4
2024,03,20,09,04,18,3,0,brave,108.158.46.70,30.4
2024,03,20,09,04,18,3,0,brave,108.158.46.70,30.7
2024,03,20,09,04,18,3,0,brave,108.158.46.70,29.8
2024,03,20,09,04,18,3,0,brave,108.158.46.70,30.0
2024,03,20,09,04,18,3,0,brave,108.158.46.70,29.5
2024,03,20,09,04,18,3,0,brave,108.158.46.70,29.8
2024,03,20,09,04,18,3,0,brave,108.158.46.70,29.7
2024,03,20,09,04,18,3,0,brave,108.158.46.70,30.7
2024,03,20,09,04,18,3,0,brave,108.158.46.70,30.7
2024,03,20,09,04,18,3,0,brave,108.158.46.70,33.4
2024,03,20,09,04,18,3,0,brave,108.158.46.70,29.7
2024,03,20,09,04,18,3,0,brave,108.158.46.70,30.4
2024,03,20,09,04,18,3,0,brave,108.158.46.70,30.6
2024,03,20,09,04,18,3,0,brave,108.158.46.70,31.9
2024,03,20,09,04,18,3,0,brave,108.158.46.70,29.7
2024,03,20,09,04,18,3,0,brave,108.158.46.70,29.8
2024,03,20,09,04,18,3,0,brave,108.158.46.70,29.6
2024,03,20,09,04,18,3,0,brave,108.158.46.70,30.5
2024,03,20,09,04,18,3,0,brave,108.158.46.70,29.4
2024,03,20,09,04,18,3,0,brave,108.158.46.70,30.0
2024,03,20,09,04,18,3,0,brave,108.158.46.70,33.1
2024,03,20,09,04,18,3,0,brave,108.158.46.70,29.7
2024,03,20,09,04,18,3,0,brave,108.158.46.70,30.5
2024,03,20,09,04,18,3,0,brave,108.158.46.70,30.5
2024,03,20,09,04,18,3,0,brave,108.158.46.70,31.0
2024,03,20,09,04,18,3,0,brave,108.158.46.70,30.4
2024,03,20,09,04,18,3,0,brave,108.158.46.70,34.6
2024,03,20,09,04,18,3,0,brave,108.158.46.70,38.7
2024,03,20,09,04,18,3,0,brave,108.158.46.70,31.6
2024,03,20,09,04,18,3,0,brave,108.158.46.70,29.6
2024,03,20,09,04,18,3,0,brave,108.158.46.70,29.7
2024,03,20,09,04,18,3,0,brave,108.158.46.70,29.6
2024,03,20,09,04,18,3,0,brave,108.158.46.70,29.7
2024,03,20,09,04,18,3,0,brave,108.158.46.70,30.7
2024,03,20,09,04,18,3,0,brave,108.158.46.70,29.6
2024,03,20,09,04,18,3,0,brave,108.158.46.70,29.7
2024,03,20,09,04,18,3,0,brave,108.158.46.70,28.8
2024,03,20,09,04,18,3,0,brave,108.158.46.70,30.0
2024,03,20,09,04,18,3,0,brave,108.158.46.70,30.2
2024,03,20,09,04,18,3,0,brave,108.158.46.70,29.8
2024,03,20,09,04,18,3,0,brave,108.158.46.70,29.9
2024,03,20,09,04,18,3,0,brave,108.158.46.70,30.6
2024,03,20,09,04,18,3,0,brave,108.158.46.70,30.5
2024,03,20,09,04,18,3,0,brave,108.158.46.70,30.0
2024,03,20,09,04,18,3,0,brave,108.158.46.70,30.3
2024,03,20,09,04,18,3,0,brave,108.158.46.70,30.6
2024,03,20,09,04,18,3,0,brave,108.158.46.70,30.7
2024,03,20,09,04,18,3,0,brave,108.158.46.70,30.7
2024,03,20,09,04,18,3,0,brave,108.158.46.70,30.4
2024,03,20,09,04,18,3,0,brave,108.158.46.70,30.4
2024,03,20,09,04,18,3,0,brave,108.158.46.70,30.7
2024,03,20,09,04,18,3,0,brave,108.158.46.70,29.8
2024,03,20,09,04,18,3,0,brave,108.158.46.70,30.0
2024,03,20,09,04,18,3,0,brave,108.158.46.70,29.5
2024,03,20,09,04,18,3,0,brave,108.158.46.70,29.8
2024,03,20,09,04,18,3,0,brave,108.158.46.70,29.7
2024,03,20,09,04,18,3,0,brave,108.158.46.70,30.7
2024,03,20,09,04,18,3,0,brave,108.158.46.70,30.7
2024,03,20,09,04,18,3,0,brave,108.158.46.70,33.4
2024,03,20,09,04,18,3,0,brave,108.158.46.70,29.7
2024,03,20,09,04,18,3,0,brave,108.158.46.70,30.4
2024,03,20,09,04,18,3,0,brave,108.158.46.70,30.6
2024,03,20,09,45,28,3,0,brave,108.158.46.102,153
2024,03,20,09,45,28,3,0,brave,108.158.46.102,63.9
2024,03,20,09,45,28,3,0,brave,108.158.46.102,30.0
2024,03,20,09,45,28,3,0,brave,108.158.46.102,38.3
2024,03,20,09,45,28,3,0,brave,108.158.46.102,199
2024,03,20,09,45,28,3,0,brave,108.158.46.102,126
2024,03,20,09,45,28,3,0,brave,108.158.46.102,70.2
2024,03,20,09,45,28,3,0,brave,108.158.46.102,35.5
2024,03,20,09,45,28,3,0,brave,108.158.46.102,146
2024,03,20,09,45,28,3,0,brave,108.158.46.102,43.1
2024,03,20,09,45,28,3,0,brave,108.158.46.102,156
2024,03,20,09,45,28,3,0,brave,108.158.46.102,120
2024,03,20,09,45,28,3,0,brave,108.158.46.102,28.8
2024,03,20,09,45,28,3,0,brave,108.158.46.102,44.9
2024,03,20,09,45,28,3,0,brave,108.158.46.102,31.8
2024,03,20,09,45,28,3,0,brave,108.158.46.102,38.5
2024,03,20,09,45,28,3,0,brave,108.158.46.102,27.7
2024,03,20,09,45,28,3,0,brave,108.158.46.102,28.1
2024,03,20,09,45,28,3,0,brave,108.158.46.102,27.7
2024,03,20,09,45,28,3,0,brave,108.158.46.102,130
2024,03,20,09,45,28,3,0,brave,108.158.46.102,46.7
2024,03,20,09,45,28,3,0,brave,108.158.46.102,95.3
2024,03,20,09,45,28,3,0,brave,108.158.46.102,32.4
2024,03,20,09,45,28,3,0,brave,108.158.46.102,29.2
2024,03,20,09,45,28,3,0,brave,108.158.46.102,30.0
2024,03,20,09,45,28,3,0,brave,108.158.46.102,29.9
2024,03,20,09,45,28,3,0,brave,108.158.46.102,54.1
2024,03,20,09,45,28,3,0,brave,108.158.46.102,173
2024,03,20,09,45,28,3,0,brave,108.158.46.102,213
2024,03,20,09,45,28,3,0,brave,108.158.46.102,127
2024,03,20,09,45,28,3,0,brave,108.158.46.102,90.5
2024,03,20,09,45,28,3,0,brave,108.158.46.102,249
2024,03,20,09,45,28,3,0,brave,108.158.46.102,186
2024,03,20,09,45,28,3,0,brave,108.158.46.102,48.2
2024,03,20,09,45,28,3,0,brave,108.158.46.102,43.8
2024,03,20,09,45,28,3,0,brave,108.158.46.102,33.7
2024,03,20,09,45,28,3,0,brave,108.158.46.102,120
2024,03,20,09,45,28,3,0,brave,108.158.46.102,71.2
2024,03,20,09,45,28,3,0,brave,108.158.46.102,30.5
2024,03,20,09,45,28,3,0,brave,108.158.46.102,41.9
2024,03,20,09,45,28,3,0,brave,108.158.46.102,29.8
2024,03,20,09,45,28,3,0,brave,108.158.46.102,60.1
2024,03,20,09,45,28,3,0,brave,108.158.46.102,59.8
2024,03,20,09,45,28,3,0,brave,108.158.46.102,132
2024,03,20,09,45,28,3,0,brave,108.158.46.102,44.6
2024,03,20,09,45,28,3,0,brave,108.158.46.102,169
2024,03,20,09,45,28,3,0,brave,108.158.46.102,134
2024,03,20,09,45,28,3,0,brave,108.158.46.102,84.2
2024,03,20,09,45,28,3,0,brave,108.158.46.102,36.6
2024,03,20,09,45,28,3,0,brave,108.158.46.102,48.6
2024,03,21,10,36,25,4,0,brave,13.249.235.97,31.5
2024,03,21,10,36,25,4,0,brave,13.249.235.97,31.5
2024,03,21,10,36,25,4,0,brave,13.249.235.97,32.4
2024,03,21,10,36,25,4,0,brave,13.249.235.97,102
2024,03,21,10,36,25,4,0,brave,13.249.235.97,32.2
2024,03,21,10,36,25,4,0,brave,13.249.235.97,143
2024,03,21,10,36,25,4,0,brave,13.249.235.97,30.4
2024,03,21,10,36,25,4,0,brave,13.249.235.97,92.2
2024,03,21,10,36,25,4,0,brave,13.249.235.97,302
2024,03,21,10,36,25,4,0,brave,13.249.235.97,133
2024,03,21,10,36,25,4,0,brave,13.249.235.97,52.5
2024,03,21,10,36,25,4,0,brave,13.249.235.97,74.7
2024,03,21,10,36,25,4,0,brave,13.249.235.97,37.4
2024,03,21,10,36,25,4,0,brave,13.249.235.97,120
2024,03,21,10,36,25,4,0,brave,13.249.235.97,242
2024,03,21,10,36,25,4,0,brave,13.249.235.97,32.5
2024,03,21,10,36,25,4,0,brave,13.249.235.97,289
2024,03,21,10,36,25,4,0,brave,13.249.235.97,1777
2024,03,21,10,36,25,4,0,brave,13.249.235.97,775
2024,03,21,10,36,25,4,0,brave,13.249.235.97,31.0
2024,03,21,10,36,25,4,0,brave,13.249.235.97,1199
2024,03,21,10,36,25,4,0,brave,13.249.235.97,192
2024,03,21,10,36,25,4,0,brave,13.249.235.97,121
2024,03,21,10,36,25,4,0,brave,13.249.235.97,136
2024,03,21,10,36,25,4,0,brave,13.249.235.97,39.8
2024,03,21,10,36,25,4,0,brave,13.249.235.97,31.2
2024,03,21,10,36,25,4,0,brave,13.249.235.97,29.5
2024,03,21,10,36,25,4,0,brave,13.249.235.97,34.7
2024,03,21,10,36,25,4,0,brave,13.249.235.97,201
2024,03,21,10,36,25,4,0,brave,13.249.235.97,45.6
2024,03,21,10,36,25,4,0,brave,13.249.235.97,39.6
2024,03,21,10,36,25,4,0,brave,13.249.235.97,31.1
2024,03,21,10,36,25,4,0,brave,13.249.235.97,143
2024,03,21,10,36,25,4,0,brave,13.249.235.97,37.5
2024,03,21,10,36,25,4,0,brave,13.249.235.97,281
2024,03,21,10,36,25,4,0,brave,13.249.235.97,109
2024,03,21,10,36,25,4,0,brave,13.249.235.97,130
2024,03,21,10,36,25,4,0,brave,13.249.235.97,449
2024,03,21,10,36,25,4,0,brave,13.249.235.97,221
2024,03,21,10,36,25,4,0,brave,13.249.235.97,30.4
2024,03,21,10,36,25,4,0,brave,13.249.235.97,331
2024,03,21,10,36,25,4,0,brave,13.249.235.97,132
2024,03,21,10,36,25,4,0,brave,13.249.235.97,30.4
2024,03,21,10,36,25,4,0,brave,13.249.235.97,27.9
2024,03,21,10,36,25,4,0,brave,13.249.235.97,29.5
2024,03,21,10,36,25,4,0,brave,13.249.235.97,119
2024,03,21,10,36,25,4,0,brave,13.249.235.97,29.6
2024,03,21,10,36,25,4,0,brave,13.249.235.97,62.1
2024,03,21,10,36,25,4,0,brave,13.249.235.97,30.6
2024,03,21,10,36,25,4,0,brave,13.249.235.97,642
2024,03,20,09,04,18,3,0,brave,108.158.46.70,31.9
2024,03,20,09,04,18,3,0,brave,108.158.46.70,29.7
2024,03,20,09,04,18,3,0,brave,108.158.46.70,29.8
2024,03,20,09,04,18,3,0,brave,108.158.46.70,29.6
2024,03,20,09,04,18,3,0,brave,108.158.46.70,30.5
2024,03,20,09,04,18,3,0,brave,108.158.46.70,29.4
2024,03,20,09,04,18,3,0,brave,108.158.46.70,30.0
2024,03,20,09,04,18,3,0,brave,108.158.46.70,33.1
2024,03,20,09,04,18,3,0,brave,108.158.46.70,29.7
2024,03,20,09,04,18,3,0,brave,108.158.46.70,30.5
2024,03,20,09,04,18,3,0,brave,108.158.46.70,30.5
2024,03,20,09,04,18,3,0,brave,108.158.46.70,31.0
2024,03,20,09,04,18,3,0,brave,108.158.46.70,30.4
2024,03,20,09,04,18,3,0,brave,108.158.46.70,34.6
2024,03,20,09,04,18,3,0,brave,108.158.46.70,38.7
2024,03,20,09,04,18,3,0,brave,108.158.46.70,31.6
2024,03,20,09,04,18,3,0,brave,108.158.46.70,29.6
2024,03,20,09,04,18,3,0,brave,108.158.46.70,29.7
2024,03,20,09,04,18,3,0,brave,108.158.46.70,29.6
2024,03,20,09,04,18,3,0,brave,108.158.46.70,29.7
2024,03,20,09,04,18,3,0,brave,108.158.46.70,30.7
2024,03,20,09,04,18,3,0,brave,108.158.46.70,29.6
2024,03,20,09,04,18,3,0,brave,108.158.46.70,29.7
2024,03,20,09,04,18,3,0,brave,108.158.46.70,28.8
2024,03,20,09,04,18,3,0,brave,108.158.46.70,30.0
2024,03,20,09,04,18,3,0,brave,108.158.46.70,30.2
2024,03,20,09,04,18,3,0,brave,108.158.46.70,29.8
2024,03,20,09,04,18,3,0,brave,108.158.46.70,29.9
2024,03,20,09,04,18,3,0,brave,108.158.46.70,30.6
2024,03,20,09,04,18,3,0,brave,108.158.46.70,30.5
2024,03,20,09,04,18,3,0,brave,108.158.46.70,30.0
2024,03,20,09,04,18,3,0,brave,108.158.46.70,30.3
2024,03,20,09,04,18,3,0,brave,108.158.46.70,30.6
2024,03,20,09,04,18,3,0,brave,108.158.46.70,30.7
2024,03,20,09,04,18,3,0,brave,108.158.46.70,30.7
2024,03,20,09,04,18,3,0,brave,108.158.46.70,30.4
2024,03,20,09,04,18,3,0,brave,108.158.46.70,30.4
2024,03,20,09,04,18,3,0,brave,108.158.46.70,30.7
2024,03,20,09,04,18,3,0,brave,108.158.46.70,29.8
2024,03,20,09,04,18,3,0,brave,108.158.46.70,30.0
2024,03,20,09,04,18,3,0,brave,108.158.46.70,29.5
2024,03,20,09,04,18,3,0,brave,108.158.46.70,29.8
2024,03,20,09,04,18,3,0,brave,108.158.46.70,29.7
2024,03,20,09,04,18,3,0,brave,108.158.46.70,30.7
2024,03,20,09,04,18,3,0,brave,108.158.46.70,30.7
2024,03,20,09,04,18,3,0,brave,108.158.46.70,33.4
2024,03,20,09,04,18,3,0,brave,108.158.46.70,29.7
2024,03,20,09,04,18,3,0,brave,108.158.46.70,30.4
2024,03,20,09,04,18,3,0,brave,108.158.46.70,30.6
2024,03,20,09,45,28,3,0,brave,108.158.46.102,153
2024,03,20,09,45,28,3,0,brave,108.158.46.102,63.9
2024,03,20,09,45,28,3,0,brave,108.158.46.102,30.0
2024,03,20,09,45,28,3,0,brave,108.158.46.102,38.3
2024,03,20,09,45,28,3,0,brave,108.158.46.102,199
2024,03,20,09,45,28,3,0,brave,108.158.46.102,126
2024,03,20,09,45,28,3,0,brave,108.158.46.102,70.2
2024,03,20,09,45,28,3,0,brave,108.158.46.102,35.5
2024,03,20,09,45,28,3,0,brave,108.158.46.102,146
2024,03,20,09,45,28,3,0,brave,108.158.46.102,43.1
2024,03,20,09,45,28,3,0,brave,108.158.46.102,156
2024,03,20,09,45,28,3,0,brave,108.158.46.102,120
2024,03,20,09,45,28,3,0,brave,108.158.46.102,28.8
2024,03,20,09,45,28,3,0,brave,108.158.46.102,44.9
2024,03,20,09,45,28,3,0,brave,108.158.46.102,31.8
2024,03,20,09,45,28,3,0,brave,108.158.46.102,38.5
2024,03,20,09,45,28,3,0,brave,108.158.46.102,27.7
2024,03,20,09,45,28,3,0,brave,108.158.46.102,28.1
2024,03,20,09,45,28,3,0,brave,108.158.46.102,27.7
2024,03,20,09,45,28,3,0,brave,108.158.46.102,130
2024,03,20,09,45,28,3,0,brave,108.158.46.102,46.7
2024,03,20,09,45,28,3,0,brave,108.158.46.102,95.3
2024,03,20,09,45,28,3,0,brave,108.158.46.102,32.4
2024,03,20,09,45,28,3,0,brave,108.158.46.102,29.2
2024,03,20,09,45,28,3,0,brave,108.158.46.102,30.0
2024,03,20,09,45,28,3,0,brave,108.158.46.102,29.9
2024,03,20,09,45,28,3,0,brave,108.158.46.102,54.1
2024,03,20,09,45,28,3,0,brave,108.158.46.102,173
2024,03,20,09,45,28,3,0,brave,108.158.46.102,213
2024,03,20,09,45,28,3,0,brave,108.158.46.102,127
2024,03,20,09,45,28,3,0,brave,108.158.46.102,90.5
2024,03,20,09,45,28,3,0,brave,108.158.46.102,249
2024,03,20,09,45,28,3,0,brave,108.158.46.102,186
2024,03,20,09,45,28,3,0,brave,108.158.46.102,48.2
2024,03,20,09,45,28,3,0,brave,108.158.46.102,43.8
2024,03,20,09,45,28,3,0,brave,108.158.46.102,33.7
2024,03,20,09,45,28,3,0,brave,108.158.46.102,120
2024,03,20,09,45,28,3,0,brave,108.158.46.102,71.2
2024,03,20,09,45,28,3,0,brave,108.158.46.102,30.5
2024,03,20,09,45,28,3,0,brave,108.158.46.102,41.9
2024,03,20,09,45,28,3,0,brave,108.158.46.102,29.8
2024,03,20,09,45,28,3,0,brave,108.158.46.102,60.1
2024,03,20,09,45,28,3,0,brave,108.158.46.102,59.8
2024,03,20,09,45,28,3,0,brave,108.158.46.102,132
2024,03,20,09,45,28,3,0,brave,108.158.46.102,44.6
2024,03,20,09,45,28,3,0,brave,108.158.46.102,169
2024,03,20,09,45,28,3,0,brave,108.158.46.102,134
2024,03,20,09,45,28,3,0,brave,108.158.46.102,84.2
2024,03,20,09,45,28,3,0,brave,108.158.46.102,36.6
2024,03,20,09,45,28,3,0,brave,108.158.46.102,48.6
2024,03,21,10,36,25,4,0,brave,13.249.235.97,31.5
2024,03,21,10,36,25,4,0,brave,13.249.235.97,31.5
2024,03,21,10,36,25,4,0,brave,13.249.235.97,32.4
2024,03,21,10,36,25,4,0,brave,13.249.235.97,102
2024,03,21,10,36,25,4,0,brave,13.249.235.97,32.2
2024,03,21,10,36,25,4,0,brave,13.249.235.97,143
2024,03,21,10,36,25,4,0,brave,13.249.235.97,30.4
2024,03,21,10,36,25,4,0,brave,13.249.235.97,92.2
2024,03,21,10,36,25,4,0,brave,13.249.235.97,302
2024,03,21,10,36,25,4,0,brave,13.249.235.97,133
2024,03,21,10,36,25,4,0,brave,13.249.235.97,52.5
2024,03,21,10,36,25,4,0,brave,13.249.235.97,74.7
2024,03,21,10,36,25,4,0,brave,13.249.235.97,37.4
2024,03,21,10,36,25,4,0,brave,13.249.235.97,120
2024,03,21,10,36,25,4,0,brave,13.249.235.97,242
2024,03,21,10,36,25,4,0,brave,13.249.235.97,32.5
2024,03,21,10,36,25,4,0,brave,13.249.235.97,289
2024,03,21,10,36,25,4,0,brave,13.249.235.97,1777
2024,03,21,10,36,25,4,0,brave,13.249.235.97,775
2024,03,21,10,36,25,4,0,brave,13.249.235.97,31.0
2024,03,21,10,36,25,4,0,brave,13.249.235.97,1199
2024,03,21,10,36,25,4,0,brave,13.249.235.97,192
2024,03,21,10,36,25,4,0,brave,13.249.235.97,121
2024,03,21,10,36,25,4,0,brave,13.249.235.97,136
2024,03,21,10,36,25,4,0,brave,13.249.235.97,39.8
2024,03,21,10,36,25,4,0,brave,13.249.235.97,31.2
2024,03,21,10,36,25,4,0,brave,13.249.235.97,29.5
2024,03,21,10,36,25,4,0,brave,13.249.235.97,34.7
2024,03,21,10,36,25,4,0,brave,13.249.235.97,201
2024,03,21,10,36,25,4,0,brave,13.249.235.97,45.6
2024,03,21,10,36,25,4,0,brave,13.249.235.97,39.6
2024,03,21,10,36,25,4,0,brave,13.249.235.97,31.1
2024,03,21,10,36,25,4,0,brave,13.249.235.97,143
2024,03,21,10,36,25,4,0,brave,13.249.235.97,37.5
2024,03,21,10,36,25,4,0,brave,13.249.235.97,281
2024,03,21,10,36,25,4,0,brave,13.249.235.97,109
2024,03,21,10,36,25,4,0,brave,13.249.235.97,130
2024,03,21,10,36,25,4,0,brave,13.249.235.97,449
2024,03,21,10,36,25,4,0,brave,13.249.235.97,221
2024,03,21,10,36,25,4,0,brave,13.249.235.97,30.4
2024,03,21,10,36,25,4,0,brave,13.249.235.97,331
2024,03,21,10,36,25,4,0,brave,13.249.235.97,132
2024,03,21,10,36,25,4,0,brave,13.249.235.97,30.4
2024,03,21,10,36,25,4,0,brave,13.249.235.97,27.9
2024,03,21,10,36,25,4,0,brave,13.249.235.97,29.5
2024,03,21,10,36,25,4,0,brave,13.249.235.97,119
2024,03,21,10,36,25,4,0,brave,13.249.235.97,29.6
2024,03,21,10,36,25,4,0,brave,13.249.235.97,62.1
2024,03,21,10,36,25,4,0,brave,13.249.235.97,30.6
2024,03,21,10,36,25,4,0,brave,13.249.235.97,642
2024,03,21,14,04,56,4,0,brave,108.158.46.70,33.0
2024,03,21,14,04,56,4,0,brave,108.158.46.70,32.1
2024,03,21,14,04,56,4,0,brave,108.158.46.70,30.3
2024,03,21,14,04,56,4,0,brave,108.158.46.70,32.3
2024,03,21,14,04,56,4,0,brave,108.158.46.70,31.6
2024,03,21,14,04,56,4,0,brave,108.158.46.70,32.0
2024,03,21,14,04,56,4,0,brave,108.158.46.70,107
2024,03,21,14,04,56,4,0,brave,108.158.46.70,130
2024,03,21,14,04,56,4,0,brave,108.158.46.70,51.6
2024,03,21,14,04,56,4,0,brave,108.158.46.70,73.7
2024,03,21,14,04,56,4,0,brave,108.158.46.70,31.4
2024,03,21,14,04,56,4,0,brave,108.158.46.70,31.1
2024,03,21,14,04,56,4,0,brave,108.158.46.70,32.1
2024,03,21,14,04,56,4,0,brave,108.158.46.70,29.7
2024,03,21,14,04,56,4,0,brave,108.158.46.70,31.5
2024,03,21,14,04,56,4,0,brave,108.158.46.70,31.9
2024,03,21,14,04,56,4,0,brave,108.158.46.70,31.6
2024,03,21,14,04,56,4,0,brave,108.158.46.70,31.8
2024,03,21,14,04,56,4,0,brave,108.158.46.70,32.0
2024,03,21,14,04,56,4,0,brave,108.158.46.70,29.7
2024,03,21,14,04,56,4,0,brave,108.158.46.70,28.6
2024,03,21,14,04,56,4,0,brave,108.158.46.70,29.6
2024,03,21,14,04,56,4,0,brave,108.158.46.70,32.0
2024,03,21,14,04,56,4,0,brave,108.158.46.70,31.7
2024,03,21,14,04,56,4,0,brave,108.158.46.70,30.8
2024,03,21,14,04,56,4,0,brave,108.158.46.70,31.8
2024,03,21,14,04,56,4,0,brave,108.158.46.70,29.5
2024,03,21,14,04,56,4,0,brave,108.158.46.70,31.5
2024,03,21,14,04,56,4,0,brave,108.158.46.70,96.3
2024,03,21,14,04,56,4,0,brave,108.158.46.70,120
2024,03,21,14,04,56,4,0,brave,108.158.46.70,31.9
2024,03,21,14,04,56,4,0,brave,108.158.46.70,31.6
2024,03,21,14,04,56,4,0,brave,108.158.46.70,31.5
2024,03,21,14,04,56,4,0,brave,108.158.46.70,28.7
2024,03,21,14,04,56,4,0,brave,108.158.46.70,31.8
2024,03,21,14,04,56,4,0,brave,108.158.46.70,29.8
2024,03,21,14,04,56,4,0,brave,108.158.46.70,31.1
2024,03,21,14,04,56,4,0,brave,108.158.46.70,30.4
2024,03,21,14,04,56,4,0,brave,108.158.46.70,31.2
2024,03,21,14,04,56,4,0,brave,108.158.46.70,31.6
2024,03,21,14,04,56,4,0,brave,108.158.46.70,31.4
2024,03,21,14,04,56,4,0,brave,108.158.46.70,31.5
2024,03,21,14,04,56,4,0,brave,108.158.46.70,31.3
2024,03,21,14,04,56,4,0,brave,108.158.46.70,32.4
2024,03,21,14,04,56,4,0,brave,108.158.46.70,32.0
2024,03,21,14,04,56,4,0,brave,108.158.46.70,31.7
2024,03,21,14,04,56,4,0,brave,108.158.46.70,31.6
2024,03,21,14,04,56,4,0,brave,108.158.46.70,31.8
2024,03,21,14,04,56,4,0,brave,108.158.46.70,31.8
2024,03,21,14,04,56,4,0,brave,108.158.46.70,31.4
2024,03,20,09,05,35,3,0,example,93.184.216.34,262
2024,03,20,09,05,35,3,0,example,93.184.216.34,263
2024,03,20,09,05,35,3,0,example,93.184.216.34,263
2024,03,20,09,05,35,3,0,example,93.184.216.34,263
2024,03,20,09,05,35,3,0,example,93.184.216.34,262
2024,03,20,09,05,35,3,0,example,93.184.216.34,267
2024,03,20,09,05,35,3,0,example,93.184.216.34,265
2024,03,20,09,05,35,3,0,example,93.184.216.34,263
2024,03,20,09,05,35,3,0,example,93.184.216.34,263
2024,03,20,09,05,35,3,0,example,93.184.216.34,262
2024,03,20,09,05,35,3,0,example,93.184.216.34,264
2024,03,20,09,05,35,3,0,example,93.184.216.34,263
2024,03,20,09,05,35,3,0,example,93.184.216.34,262
2024,03,20,09,05,35,3,0,example,93.184.216.34,263
2024,03,20,09,05,35,3,0,example,93.184.216.34,263
2024,03,20,09,05,35,3,0,example,93.184.216.34,263
2024,03,20,09,05,35,3,0,example,93.184.216.34,263
2024,03,20,09,05,35,3,0,example,93.184.216.34,262
2024,03,20,09,05,35,3,0,example,93.184.216.34,263
2024,03,20,09,05,35,3,0,example,93.184.216.34,263
2024,03,20,09,05,35,3,0,example,93.184.216.34,263
2024,03,20,09,05,35,3,0,example,93.184.216.34,262
2024,03,20,09,05,35,3,0,example,93.184.216.34,263
2024,03,20,09,05,35,3,0,example,93.184.216.34,263
2024,03,20,09,05,35,3,0,example,93.184.216.34,263
2024,03,20,09,05,35,3,0,example,93.184.216.34,262
2024,03,20,09,05,35,3,0,example,93.184.216.34,263
2024,03,20,09,05,35,3,0,example,93.184.216.34,263
2024,03,20,09,05,35,3,0,example,93.184.216.34,263
2024,03,20,09,05,35,3,0,example,93.184.216.34,263
2024,03,20,09,05,35,3,0,example,93.184.216.34,262
2024,03,20,09,05,35,3,0,example,93.184.216.34,262
2024,03,20,09,05,35,3,0,example,93.184.216.34,263
2024,03,20,09,05,35,3,0,example,93.184.216.34,262
2024,03,20,09,05,35,3,0,example,93.184.216.34,263
2024,03,20,09,05,35,3,0,example,93.184.216.34,262
2024,03,20,09,05,35,3,0,example,93.184.216.34,262
2024,03,20,09,05,35,3,0,example,93.184.216.34,263
2024,03,20,09,05,35,3,0,example,93.184.216.34,263
2024,03,20,09,05,35,3,0,example,93.184.216.34,262
2024,03,20,09,05,35,3,0,example,93.184.216.34,263
2024,03,20,09,05,35,3,0,example,93.184.216.34,262
2024,03,20,09,05,35,3,0,example,93.184.216.34,264
2024,03,20,09,05,35,3,0,example,93.184.216.34,262
2024,03,20,09,05,35,3,0,example,93.184.216.34,262
2024,03,20,09,05,35,3,0,example,93.184.216.34,262
2024,03,20,09,05,35,3,0,example,93.184.216.34,264
2024,03,20,09,05,35,3,0,example,93.184.216.34,262
2024,03,20,09,05,35,3,0,example,93.184.216.34,263
2024,03,20,09,05,35,3,0,example,93.184.216.34,262
2024,03,20,09,05,35,3,0,example,93.184.216.34,262
2024,03,20,09,05,35,3,0,example,93.184.216.34,263
2024,03,20,09,05,35,3,0,example,93.184.216.34,263
2024,03,20,09,05,35,3,0,example,93.184.216.34,263
2024,03,20,09,05,35,3,0,example,93.184.216.34,262
2024,03,20,09,05,35,3,0,example,93.184.216.34,267
2024,03,20,09,05,35,3,0,example,93.184.216.34,265
2024,03,20,09,05,35,3,0,example,93.184.216.34,263
2024,03,20,09,05,35,3,0,example,93.184.216.34,263
2024,03,20,09,05,35,3,0,example,93.184.216.34,262
2024,03,20,09,05,35,3,0,example,93.184.216.34,264
2024,03,20,09,05,35,3,0,example,93.184.216.34,263
2024,03,20,09,05,35,3,0,example,93.184.216.34,262
2024,03,20,09,05,35,3,0,example,93.184.216.34,263
2024,03,20,09,05,35,3,0,example,93.184.216.34,263
2024,03,20,09,05,35,3,0,example,93.184.216.34,263
2024,03,20,09,05,35,3,0,example,93.184.216.34,263
2024,03,20,09,05,35,3,0,example,93.184.216.34,262
2024,03,20,09,05,35,3,0,example,93.184.216.34,263
2024,03,20,09,05,35,3,0,example,93.184.216.34,263
2024,03,20,09,05,35,3,0,example,93.184.216.34,263
2024,03,20,09,05,35,3,0,example,93.184.216.34,262
2024,03,20,09,05,35,3,0,example,93.184.216.34,263
2024,03,20,09,05,35,3,0,example,93.184.216.34,263
2024,03,20,09,05,35,3,0,example,93.184.216.34,263
2024,03,20,09,05,35,3,0,example,93.184.216.34,262
2024,03,20,09,05,35,3,0,example,93.184.216.34,263
2024,03,20,09,05,35,3,0,example,93.184.216.34,263
2024,03,20,09,05,35,3,0,example,93.184.216.34,263
2024,03,20,09,05,35,3,0,example,93.184.216.34,263
2024,03,20,09,05,35,3,0,example,93.184.216.34,262
2024,03,20,09,05,35,3,0,example,93.184.216.34,262
2024,03,20,09,05,35,3,0,example,93.184.216.34,263
2024,03,20,09,05,35,3,0,example,93.184.216.34,262
2024,03,20,09,05,35,3,0,example,93.184.216.34,263
2024,03,20,09,05,35,3,0,example,93.184.216.34,262
2024,03,20,09,05,35,3,0,example,93.184.216.34,262
2024,03,20,09,05,35,3,0,example,93.184.216.34,263
2024,03,20,09,05,35,3,0,example,93.184.216.34,263
2024,03,20,09,05,35,3,0,example,93.184.216.34,262
2024,03,20,09,05,35,3,0,example,93.184.216.34,263
2024,03,20,09,05,35,3,0,example,93.184.216.34,262
2024,03,20,09,05,35,3,0,example,93.184.216.34,264
2024,03,20,09,05,35,3,0,example,93.184.216.34,262
2024,03,20,09,05,35,3,0,example,93.184.216.34,262
2024,03,20,09,05,35,3,0,example,93.184.216.34,262
2024,03,20,09,05,35,3,0,example,93.184.216.34,264
2024,03,20,09,05,35,3,0,example,93.184.216.34,262
2024,03,20,09,05,35,3,0,example,93.184.216.34,263
2024,03,20,09,05,35,3,0,example,93.184.216.34,262
2024,03,20,09,47,00,3,0,example,93.184.216.34,359
2024,03,20,09,47,00,3,0,example,93.184.216.34,465
2024,03,20,09,47,00,3,0,example,93.184.216.34,263
2024,03,20,09,47,00,3,0,example,93.184.216.34,262
2024,03,20,09,47,00,3,0,example,93.184.216.34,293
2024,03,20,09,47,00,3,0,example,93.184.216.34,273
2024,03,20,09,47,00,3,0,example,93.184.216.34,262
2024,03,20,09,47,00,3,0,example,93.184.216.34,379
2024,03,20,09,47,00,3,0,example,93.184.216.34,262
2024,03,20,09,47,00,3,0,example,93.184.216.34,374
2024,03,20,09,47,00,3,0,example,93.184.216.34,290
2024,03,20,09,47,00,3,0,example,93.184.216.34,264
2024,03,20,09,47,00,3,0,example,93.184.216.34,310
2024,03,20,09,47,00,3,0,example,93.184.216.34,277
2024,03,20,09,47,00,3,0,example,93.184.216.34,296
2024,03,20,09,47,00,3,0,example,93.184.216.34,635
2024,03,20,09,47,00,3,0,example,93.184.216.34,1164
2024,03,20,09,47,00,3,0,example,93.184.216.34,1245
2024,03,20,09,47,00,3,0,example,93.184.216.34,267
2024,03,20,09,47,00,3,0,example,93.184.216.34,326
2024,03,20,09,47,00,3,0,example,93.184.216.34,348
2024,03,20,09,47,00,3,0,example,93.184.216.34,277
2024,03,20,09,47,00,3,0,example,93.184.216.34,264
2024,03,20,09,47,00,3,0,example,93.184.216.34,262
2024,03,20,09,47,00,3,0,example,93.184.216.34,273
2024,03,20,09,47,00,3,0,example,93.184.216.34,335
2024,03,20,09,47,00,3,0,example,93.184.216.34,335
2024,03,20,09,47,00,3,0,example,93.184.216.34,320
2024,03,20,09,47,00,3,0,example,93.184.216.34,330
2024,03,20,09,47,00,3,0,example,93.184.216.34,442
2024,03,20,09,47,00,3,0,example,93.184.216.34,262
2024,03,20,09,47,00,3,0,example,93.184.216.34,262
2024,03,20,09,47,00,3,0,example,93.184.216.34,330
2024,03,20,09,47,00,3,0,example,93.184.216.34,393
2024,03,20,09,47,00,3,0,example,93.184.216.34,264
2024,03,20,09,47,00,3,0,example,93.184.216.34,280
2024,03,20,09,47,00,3,0,example,93.184.216.34,264
2024,03,20,09,47,00,3,0,example,93.184.216.34,268
2024,03,20,09,47,00,3,0,example,93.184.216.34,428
2024,03,20,09,47,00,3,0,example,93.184.216.34,404
2024,03,20,09,47,00,3,0,example,93.184.216.34,265
2024,03,20,09,47,00,3,0,example,93.184.216.34,282
2024,03,20,09,47,00,3,0,example,93.184.216.34,367
2024,03,20,09,47,00,3,0,example,93.184.216.34,370
2024,03,20,09,47,00,3,0,example,93.184.216.34,332
2024,03,20,09,47,00,3,0,example,93.184.216.34,263
2024,03,20,09,47,00,3,0,example,93.184.216.34,319
2024,03,20,09,47,00,3,0,example,93.184.216.34,263
2024,03,20,09,47,00,3,0,example,93.184.216.34,349
2024,03,20,09,47,00,3,0,example,93.184.216.34,333
2024,03,21,10,38,33,4,0,example,93.184.216.34,987
2024,03,21,10,38,33,4,0,example,93.184.216.34,267
2024,03,21,10,38,33,4,0,example,93.184.216.34,1007
2024,03,21,10,38,33,4,0,example,93.184.216.34,270
2024,03,21,10,38,33,4,0,example,93.184.216.34,264
2024,03,21,10,38,33,4,0,example,93.184.216.34,346
2024,03,21,10,38,33,4,0,example,93.184.216.34,835
2024,03,21,10,38,33,4,0,example,93.184.216.34,753
2024,03,21,10,38,33,4,0,example,93.184.216.34,703
2024,03,21,10,38,33,4,0,example,93.184.216.34,342
2024,03,21,10,38,33,4,0,example,93.184.216.34,825
2024,03,21,10,38,33,4,0,example,93.184.216.34,265
2024,03,21,10,38,33,4,0,example,93.184.216.34,263
2024,03,21,10,38,33,4,0,example,93.184.216.34,265
2024,03,21,10,38,33,4,0,example,93.184.216.34,264
2024,03,21,10,38,33,4,0,example,93.184.216.34,289
2024,03,21,10,38,33,4,0,example,93.184.216.34,283
2024,03,21,10,38,33,4,0,example,93.184.216.34,510
2024,03,21,10,38,33,4,0,example,93.184.216.34,328
2024,03,21,10,38,33,4,0,example,93.184.216.34,332
2024,03,21,10,38,33,4,0,example,93.184.216.34,306
2024,03,21,10,38,33,4,0,example,93.184.216.34,410
2024,03,21,10,38,33,4,0,example,93.184.216.34,332
2024,03,21,10,38,33,4,0,example,93.184.216.34,414
2024,03,21,10,38,33,4,0,example,93.184.216.34,417
2024,03,21,10,38,33,4,0,example,93.184.216.34,322
2024,03,21,10,38,33,4,0,example,93.184.216.34,264
2024,03,21,10,38,33,4,0,example,93.184.216.34,324
2024,03,21,10,38,33,4,0,example,93.184.216.34,349
2024,03,21,10,38,33,4,0,example,93.184.216.34,372
2024,03,21,10,38,33,4,0,example,93.184.216.34,333
2024,03,21,10,38,33,4,0,example,93.184.216.34,1822
2024,03,21,10,38,33,4,0,example,93.184.216.34,797
2024,03,21,10,38,33,4,0,example,93.184.216.34,309
2024,03,21,10,38,33,4,0,example,93.184.216.34,343
2024,03,21,10,38,33,4,0,example,93.184.216.34,356
2024,03,21,10,38,33,4,0,example,93.184.216.34,948
2024,03,21,10,38,33,4,0,example,93.184.216.34,307
2024,03,21,10,38,33,4,0,example,93.184.216.34,561
2024,03,21,10,38,33,4,0,example,93.184.216.34,1586
2024,03,21,10,38,33,4,0,example,93.184.216.34,574
2024,03,21,10,38,33,4,0,example,93.184.216.34,309
2024,03,21,10,38,33,4,0,example,93.184.216.34,520
2024,03,21,10,38,33,4,0,example,93.184.216.34,331
2024,03,21,10,38,33,4,0,example,93.184.216.34,299
2024,03,21,10,38,33,4,0,example,93.184.216.34,322
2024,03,21,10,38,33,4,0,example,93.184.216.34,652
2024,03,21,10,38,33,4,0,example,93.184.216.34,434
2024,03,21,10,38,33,4,0,example,93.184.216.34,307
2024,03,21,10,38,33,4,0,example,93.184.216.34,264
2024,03,20,09,05,35,3,0,example,93.184.216.34,262
2024,03,20,09,05,35,3,0,example,93.184.216.34,263
2024,03,20,09,05,35,3,0,example,93.184.216.34,263
2024,03,20,09,05,35,3,0,example,93.184.216.34,263
2024,03,20,09,05,35,3,0,example,93.184.216.34,262
2024,03,20,09,05,35,3,0,example,93.184.216.34,267
2024,03,20,09,05,35,3,0,example,93.184.216.34,265
2024,03,20,09,05,35,3,0,example,93.184.216.34,263
2024,03,20,09,05,35,3,0,example,93.184.216.34,263
2024,03,20,09,05,35,3,0,example,93.184.216.34,262
2024,03,20,09,05,35,3,0,example,93.184.216.34,264
2024,03,20,09,05,35,3,0,example,93.184.216.34,263
2024,03,20,09,05,35,3,0,example,93.184.216.34,262
2024,03,20,09,05,35,3,0,example,93.184.216.34,263
2024,03,20,09,05,35,3,0,example,93.184.216.34,263
2024,03,20,09,05,35,3,0,example,93.184.216.34,263
2024,03,20,09,05,35,3,0,example,93.184.216.34,263
2024,03,20,09,05,35,3,0,example,93.184.216.34,262
2024,03,20,09,05,35,3,0,example,93.184.216.34,263
2024,03,20,09,05,35,3,0,example,93.184.216.34,263
2024,03,20,09,05,35,3,0,example,93.184.216.34,263
2024,03,20,09,05,35,3,0,example,93.184.216.34,262
2024,03,20,09,05,35,3,0,example,93.184.216.34,263
2024,03,20,09,05,35,3,0,example,93.184.216.34,263
2024,03,20,09,05,35,3,0,example,93.184.216.34,263
2024,03,20,09,05,35,3,0,example,93.184.216.34,262
2024,03,20,09,05,35,3,0,example,93.184.216.34,263
2024,03,20,09,05,35,3,0,example,93.184.216.34,263
2024,03,20,09,05,35,3,0,example,93.184.216.34,263
2024,03,20,09,05,35,3,0,example,93.184.216.34,263
2024,03,20,09,05,35,3,0,example,93.184.216.34,262
2024,03,20,09,05,35,3,0,example,93.184.216.34,262
2024,03,20,09,05,35,3,0,example,93.184.216.34,263
2024,03,20,09,05,35,3,0,example,93.184.216.34,262
2024,03,20,09,05,35,3,0,example,93.184.216.34,263
2024,03,20,09,05,35,3,0,example,93.184.216.34,262
2024,03,20,09,05,35,3,0,example,93.184.216.34,262
2024,03,20,09,05,35,3,0,example,93.184.216.34,263
2024,03,20,09,05,35,3,0,example,93.184.216.34,263
2024,03,20,09,05,35,3,0,example,93.184.216.34,262
2024,03,20,09,05,35,3,0,example,93.184.216.34,263
2024,03,20,09,05,35,3,0,example,93.184.216.34,262
2024,03,20,09,05,35,3,0,example,93.184.216.34,264
2024,03,20,09,05,35,3,0,example,93.184.216.34,262
2024,03,20,09,05,35,3,0,example,93.184.216.34,262
2024,03,20,09,05,35,3,0,example,93.184.216.34,262
2024,03,20,09,05,35,3,0,example,93.184.216.34,264
2024,03,20,09,05,35,3,0,example,93.184.216.34,262
2024,03,20,09,05,35,3,0,example,93.184.216.34,263
2024,03,20,09,05,35,3,0,example,93.184.216.34,262
2024,03,20,09,47,00,3,0,example,93.184.216.34,359
2024,03,20,09,47,00,3,0,example,93.184.216.34,465
2024,03,20,09,47,00,3,0,example,93.184.216.34,263
2024,03,20,09,47,00,3,0,example,93.184.216.34,262
2024,03,20,09,47,00,3,0,example,93.184.216.34,293
2024,03,20,09,47,00,3,0,example,93.184.216.34,273
2024,03,20,09,47,00,3,0,example,93.184.216.34,262
2024,03,20,09,47,00,3,0,example,93.184.216.34,379
2024,03,20,09,47,00,3,0,example,93.184.216.34,262
2024,03,20,09,47,00,3,0,example,93.184.216.34,374
2024,03,20,09,47,00,3,0,example,93.184.216.34,290
2024,03,20,09,47,00,3,0,example,93.184.216.34,264
2024,03,20,09,47,00,3,0,example,93.184.216.34,310
2024,03,20,09,47,00,3,0,example,93.184.216.34,277
2024,03,20,09,47,00,3,0,example,93.184.216.34,296
2024,03,20,09,47,00,3,0,example,93.184.216.34,635
2024,03,20,09,47,00,3,0,example,93.184.216.34,1164
2024,03,20,09,47,00,3,0,example,93.184.216.34,1245
2024,03,20,09,47,00,3,0,example,93.184.216.34,267
2024,03,20,09,47,00,3,0,example,93.184.216.34,326
2024,03,20,09,47,00,3,0,example,93.184.216.34,348
2024,03,20,09,47,00,3,0,example,93.184.216.34,277
2024,03,20,09,47,00,3,0,example,93.184.216.34,264
2024,03,20,09,47,00,3,0,example,93.184.216.34,262
2024,03,20,09,47,00,3,0,example,93.184.216.34,273
2024,03,20,09,47,00,3,0,example,93.184.216.34,335
2024,03,20,09,47,00,3,0,example,93.184.216.34,335
2024,03,20,09,47,00,3,0,example,93.184.216.34,320
2024,03,20,09,47,00,3,0,example,93.184.216.34,330
2024,03,20,09,47,00,3,0,example,93.184.216.34,442
2024,03,20,09,47,00,3,0,example,93.184.216.34,262
2024,03,20,09,47,00,3,0,example,93.184.216.34,262
2024,03,20,09,47,00,3,0,example,93.184.216.34,330
2024,03,20,09,47,00,3,0,example,93.184.216.34,393
2024,03,20,09,47,00,3,0,example,93.184.216.34,264
2024,03,20,09,47,00,3,0,example,93.184.216.34,280
2024,03,20,09,47,00,3,0,example,93.184.216.34,264
2024,03,20,09,47,00,3,0,example,93.184.216.34,268
2024,03,20,09,47,00,3,0,example,93.184.216.34,428
2024,03,20,09,47,00,3,0,example,93.184.216.34,404
2024,03,20,09,47,00,3,0,example,93.184.216.34,265
2024,03,20,09,47,00,3,0,example,93.184.216.34,282
2024,03,20,09,47,00,3,0,example,93.184.216.34,367
2024,03,20,09,47,00,3,0,example,93.184.216.34,370
2024,03,20,09,47,00,3,0,example,93.184.216.34,332
2024,03,20,09,47,00,3,0,example,93.184.216.34,263
2024,03,20,09,47,00,3,0,example,93.184.216.34,319
2024,03,20,09,47,00,3,0,example,93.184.216.34,263
2024,03,20,09,47,00,3,0,example,93.184.216.34,349
2024,03,20,09,47,00,3,0,example,93.184.216.34,333
2024,03,21,10,38,33,4,0,example,93.184.216.34,987
2024,03,21,10,38,33,4,0,example,93.184.216.34,267
2024,03,21,10,38,33,4,0,example,93.184.216.34,1007
2024,03,21,10,38,33,4,0,example,93.184.216.34,270
2024,03,21,10,38,33,4,0,example,93.184.216.34,264
2024,03,21,10,38,33,4,0,example,93.184.216.34,346
2024,03,21,10,38,33,4,0,example,93.184.216.34,835
2024,03,21,10,38,33,4,0,example,93.184.216.34,753
2024,03,21,10,38,33,4,0,example,93.184.216.34,703
2024,03,21,10,38,33,4,0,example,93.184.216.34,342
2024,03,21,10,38,33,4,0,example,93.184.216.34,825
2024,03,21,10,38,33,4,0,example,93.184.216.34,265
2024,03,21,10,38,33,4,0,example,93.184.216.34,263
2024,03,21,10,38,33,4,0,example,93.184.216.34,265
2024,03,21,10,38,33,4,0,example,93.184.216.34,264
2024,03,21,10,38,33,4,0,example,93.184.216.34,289
2024,03,21,10,38,33,4,0,example,93.184.216.34,283
2024,03,21,10,38,33,4,0,example,93.184.216.34,510
2024,03,21,10,38,33,4,0,example,93.184.216.34,328
2024,03,21,10,38,33,4,0,example,93.184.216.34,332
2024,03,21,10,38,33,4,0,example,93.184.216.34,306
2024,03,21,10,38,33,4,0,example,93.184.216.34,410
2024,03,21,10,38,33,4,0,example,93.184.216.34,332
2024,03,21,10,38,33,4,0,example,93.184.216.34,414
2024,03,21,10,38,33,4,0,example,93.184.216.34,417
2024,03,21,10,38,33,4,0,example,93.184.216.34,322
2024,03,21,10,38,33,4,0,example,93.184.216.34,264
2024,03,21,10,38,33,4,0,example,93.184.216.34,324
2024,03,21,10,38,33,4,0,example,93.184.216.34,349
2024,03,21,10,38,33,4,0,example,93.184.216.34,372
2024,03,21,10,38,33,4,0,example,93.184.216.34,333
2024,03,21,10,38,33,4,0,example,93.184.216.34,1822
2024,03,21,10,38,33,4,0,example,93.184.216.34,797
2024,03,21,10,38,33,4,0,example,93.184.216.34,309
2024,03,21,10,38,33,4,0,example,93.184.216.34,343
2024,03,21,10,38,33,4,0,example,93.184.216.34,356
2024,03,21,10,38,33,4,0,example,93.184.216.34,948
2024,03,21,10,38,33,4,0,example,93.184.216.34,307
2024,03,21,10,38,33,4,0,example,93.184.216.34,561
2024,03,21,10,38,33,4,0,example,93.184.216.34,1586
2024,03,21,10,38,33,4,0,example,93.184.216.34,574
2024,03,21,10,38,33,4,0,example,93.184.216.34,309
2024,03,21,10,38,33,4,0,example,93.184.216.34,520
2024,03,21,10,38,33,4,0,example,93.184.216.34,331
2024,03,21,10,38,33,4,0,example,93.184.216.34,299
2024,03,21,10,38,33,4,0,example,93.184.216.34,322
2024,03,21,10,38,33,4,0,example,93.184.216.34,652
2024,03,21,10,38,33,4,0,example,93.184.216.34,434
2024,03,21,10,38,33,4,0,example,93.184.216.34,307
2024,03,21,10,38,33,4,0,example,93.184.216.34,264
2024,03,21,14,06,49,4,0,example,93.184.216.34,307
2024,03,21,14,06,49,4,0,example,93.184.216.34,306
2024,03,21,14,06,49,4,0,example,93.184.216.34,329
2024,03,21,14,06,49,4,0,example,93.184.216.34,323
2024,03,21,14,06,49,4,0,example,93.184.216.34,264
2024,03,21,14,06,49,4,0,example,93.184.216.34,263
2024,03,21,14,06,49,4,0,example,93.184.216.34,357
2024,03,21,14,06,49,4,0,example,93.184.216.34,278
2024,03,21,14,06,49,4,0,example,93.184.216.34,303
2024,03,21,14,06,49,4,0,example,93.184.216.34,303
2024,03,21,14,06,49,4,0,example,93.184.216.34,326
2024,03,21,14,06,49,4,0,example,93.184.216.34,261
2024,03,21,14,06,49,4,0,example,93.184.216.34,298
2024,03,21,14,06,49,4,0,example,93.184.216.34,307
2024,03,21,14,06,49,4,0,example,93.184.216.34,331
2024,03,21,14,06,49,4,0,example,93.184.216.34,262
2024,03,21,14,06,49,4,0,example,93.184.216.34,356
2024,03,21,14,06,49,4,0,example,93.184.216.34,306
2024,03,21,14,06,49,4,0,example,93.184.216.34,330
2024,03,21,14,06,49,4,0,example,93.184.216.34,315
2024,03,21,14,06,49,4,0,example,93.184.216.34,337
2024,03,21,14,06,49,4,0,example,93.184.216.34,306
2024,03,21,14,06,49,4,0,example,93.184.216.34,329
2024,03,21,14,06,49,4,0,example,93.184.216.34,313
2024,03,21,14,06,49,4,0,example,93.184.216.34,323
2024,03,21,14,06,49,4,0,example,93.184.216.34,332
2024,03,21,14,06,49,4,0,example,93.184.216.34,355
2024,03,21,14,06,49,4,0,example,93.184.216.34,307
2024,03,21,14,06,49,4,0,example,93.184.216.34,329
2024,03,21,14,06,49,4,0,example,93.184.216.34,353
2024,03,21,14,06,49,4,0,example,93.184.216.34,274
2024,03,21,14,06,49,4,0,example,93.184.216.34,298
2024,03,21,14,06,49,4,0,example,93.184.216.34,307
2024,03,21,14,06,49,4,0,example,93.184.216.34,262
2024,03,21,14,06,49,4,0,example,93.184.216.34,298
2024,03,21,14,06,49,4,0,example,93.184.216.34,321
2024,03,21,14,06,49,4,0,example,93.184.216.34,345
2024,03,21,14,06,49,4,0,example,93.184.216.34,298
2024,03,21,14,06,49,4,0,example,93.184.216.34,321
2024,03,21,14,06,49,4,0,example,93.184.216.34,345
2024,03,21,14,06,49,4,0,example,93.184.216.34,304
2024,03,21,14,06,49,4,0,example,93.184.216.34,327
2024,03,21,14,06,49,4,0,example,93.184.216.34,317
2024,03,21,14,06,49,4,0,example,93.184.216.34,340
2024,03,21,14,06,49,4,0,example,93.184.216.34,272
2024,03,21,14,06,49,4,0,example,93.184.216.34,295
2024,03,21,14,06,49,4,0,example,93.184.216.34,318
2024,03,21,14,06,49,4,0,example,93.184.216.34,307
2024,03,21,14,06,49,4,0,example,93.184.216.34,329
2024,03,21,14,06,49,4,0,example,93.184.216.34,262
2024,03,20,09,05,33,3,0,duckduckgo,20.204.244.192,26.9
2024,03,20,09,05,33,3,0,duckduckgo,20.204.244.192,26.8
2024,03,20,09,05,33,3,0,duckduckgo,20.204.244.192,27.2
2024,03,20,09,05,33,3,0,duckduckgo,20.204.244.192,30.2
2024,03,20,09,05,33,3,0,duckduckgo,20.204.244.192,27.6
2024,03,20,09,05,33,3,0,duckduckgo,20.204.244.192,27.5
2024,03,20,09,05,33,3,0,duckduckgo,20.204.244.192,29.9
2024,03,20,09,05,33,3,0,duckduckgo,20.204.244.192,27.5
2024,03,20,09,05,33,3,0,duckduckgo,20.204.244.192,27.7
2024,03,20,09,05,33,3,0,duckduckgo,20.204.244.192,27.4
2024,03,20,09,05,33,3,0,duckduckgo,20.204.244.192,27.2
2024,03,20,09,05,33,3,0,duckduckgo,20.204.244.192,27.1
2024,03,20,09,05,33,3,0,duckduckgo,20.204.244.192,27.5
2024,03,20,09,05,33,3,0,duckduckgo,20.204.244.192,27.5
2024,03,20,09,05,33,3,0,duckduckgo,20.204.244.192,27.8
2024,03,20,09,05,33,3,0,duckduckgo,20.204.244.192,27.3
2024,03,20,09,05,33,3,0,duckduckgo,20.204.244.192,28.2
2024,03,20,09,05,33,3,0,duckduckgo,20.204.244.192,27.0
2024,03,20,09,05,33,3,0,duckduckgo,20.204.244.192,28.4
2024,03,20,09,05,33,3,0,duckduckgo,20.204.244.192,27.1
2024,03,20,09,05,33,3,0,duckduckgo,20.204.244.192,27.4
2024,03,20,09,05,33,3,0,duckduckgo,20.204.244.192,27.4
2024,03,20,09,05,33,3,0,duckduckgo,20.204.244.192,27.2
2024,03,20,09,05,33,3,0,duckduckgo,20.204.244.192,27.1
2024,03,20,09,05,33,3,0,duckduckgo,20.204.244.192,27.1
2024,03,20,09,05,33,3,0,duckduckgo,20.204.244.192,27.3
2024,03,20,09,05,33,3,0,duckduckgo,20.204.244.192,27.2
2024,03,20,09,05,33,3,0,duckduckgo,20.204.244.192,27.0
2024,03,20,09,05,33,3,0,duckduckgo,20.204.244.192,26.9
2024,03,20,09,05,33,3,0,duckduckgo,20.204.244.192,26.8
2024,03,20,09,05,33,3,0,duckduckgo,20.204.244.192,27.0
2024,03,20,09,05,33,3,0,duckduckgo,20.204.244.192,27.4
2024,03,20,09,05,33,3,0,duckduckgo,20.204.244.192,26.7
2024,03,20,09,05,33,3,0,duckduckgo,20.204.244.192,27.0
2024,03,20,09,05,33,3,0,duckduckgo,20.204.244.192,26.8
2024,03,20,09,05,33,3,0,duckduckgo,20.204.244.192,27.0
2024,03,20,09,05,33,3,0,duckduckgo,20.204.244.192,27.9
2024,03,20,09,05,33,3,0,duckduckgo,20.204.244.192,27.8
2024,03,20,09,05,33,3,0,duckduckgo,20.204.244.192,28.3
2024,03,20,09,05,33,3,0,duckduckgo,20.204.244.192,27.4
2024,03,20,09,05,33,3,0,duckduckgo,20.204.244.192,27.0
2024,03,20,09,05,33,3,0,duckduckgo,20.204.244.192,27.5
2024,03,20,09,05,33,3,0,duckduckgo,20.204.244.192,27.2
2024,03,20,09,05,33,3,0,duckduckgo,20.204.244.192,27.4
2024,03,20,09,05,33,3,0,duckduckgo,20.204.244.192,27.3
2024,03,20,09,05,33,3,0,duckduckgo,20.204.244.192,27.7
2024,03,20,09,05,33,3,0,duckduckgo,20.204.244.192,27.3
2024,03,20,09,05,33,3,0,duckduckgo,20.204.244.192,27.5
2024,03,20,09,05,33,3,0,duckduckgo,20.204.244.192,27.6
2024,03,20,09,05,33,3,0,duckduckgo,20.204.244.192,27.5
2024,03,20,09,05,33,3,0,duckduckgo,20.204.244.192,26.9
2024,03,20,09,05,33,3,0,duckduckgo,20.204.244.192,26.8
2024,03,20,09,05,33,3,0,duckduckgo,20.204.244.192,27.2
2024,03,20,09,05,33,3,0,duckduckgo,20.204.244.192,30.2
2024,03,20,09,05,33,3,0,duckduckgo,20.204.244.192,27.6
2024,03,20,09,05,33,3,0,duckduckgo,20.204.244.192,27.5
2024,03,20,09,05,33,3,0,duckduckgo,20.204.244.192,29.9
2024,03,20,09,05,33,3,0,duckduckgo,20.204.244.192,27.5
2024,03,20,09,05,33,3,0,duckduckgo,20.204.244.192,27.7
2024,03,20,09,05,33,3,0,duckduckgo,20.204.244.192,27.4
2024,03,20,09,05,33,3,0,duckduckgo,20.204.244.192,27.2
2024,03,20,09,05,33,3,0,duckduckgo,20.204.244.192,27.1
2024,03,20,09,05,33,3,0,duckduckgo,20.204.244.192,27.5
2024,03,20,09,05,33,3,0,duckduckgo,20.204.244.192,27.5
2024,03,20,09,05,33,3,0,duckduckgo,20.204.244.192,27.8
2024,03,20,09,05,33,3,0,duckduckgo,20.204.244.192,27.3
2024,03,20,09,05,33,3,0,duckduckgo,20.204.244.192,28.2
2024,03,20,09,05,33,3,0,duckduckgo,20.204.244.192,27.0
2024,03,20,09,05,33,3,0,duckduckgo,20.204.244.192,28.4
2024,03,20,09,05,33,3,0,duckduckgo,20.204.244.192,27.1
2024,03,20,09,05,33,3,0,duckduckgo,20.204.244.192,27.4
2024,03,20,09,05,33,3,0,duckduckgo,20.204.244.192,27.4
2024,03,20,09,05,33,3,0,duckduckgo,20.204.244.192,27.2
2024,03,20,09,05,33,3,0,duckduckgo,20.204.244.192,27.1
2024,03,20,09,05,33,3,0,duckduckgo,20.204.244.192,27.1
2024,03,20,09,05,33,3,0,duckduckgo,20.204.244.192,27.3
2024,03,20,09,05,33,3,0,duckduckgo,20.204.244.192,27.2
2024,03,20,09,05,33,3,0,duckduckgo,20.204.244.192,27.0
2024,03,20,09,05,33,3,0,duckduckgo,20.204.244.192,26.9
2024,03,20,09,05,33,3,0,duckduckgo,20.204.244.192,26.8
2024,03,20,09,05,33,3,0,duckduckgo,20.204.244.192,27.0
2024,03,20,09,05,33,3,0,duckduckgo,20.204.244.192,27.4
2024,03,20,09,05,33,3,0,duckduckgo,20.204.244.192,26.7
2024,03,20,09,05,33,3,0,duckduckgo,20.204.244.192,27.0
2024,03,20,09,05,33,3,0,duckduckgo,20.204.244.192,26.8
2024,03,20,09,05,33,3,0,duckduckgo,20.204.244.192,27.0
2024,03,20,09,05,33,3,0,duckduckgo,20.204.244.192,27.9
2024,03,20,09,05,33,3,0,duckduckgo,20.204.244.192,27.8
2024,03,20,09,05,33,3,0,duckduckgo,20.204.244.192,28.3
2024,03,20,09,05,33,3,0,duckduckgo,20.204.244.192,27.4
2024,03,20,09,05,33,3,0,duckduckgo,20.204.244.192,27.0
2024,03,20,09,05,33,3,0,duckduckgo,20.204.244.192,27.5
2024,03,20,09,05,33,3,0,duckduckgo,20.204.244.192,27.2
2024,03,20,09,05,33,3,0,duckduckgo,20.204.244.192,27.4
2024,03,20,09,05,33,3,0,duckduckgo,20.204.244.192,27.3
2024,03,20,09,05,33,3,0,duckduckgo,20.204.244.192,27.7
2024,03,20,09,05,33,3,0,duckduckgo,20.204.244.192,27.3
2024,03,20,09,05,33,3,0,duckduckgo,20.204.244.192,27.5
2024,03,20,09,05,33,3,0,duckduckgo,20.204.244.192,27.6
2024,03,20,09,05,33,3,0,duckduckgo,20.204.244.192,27.5
2024,03,20,09,47,03,3,0,duckduckgo,20.204.244.192,182
2024,03,20,09,47,03,3,0,duckduckgo,20.204.244.192,93.8
2024,03,20,09,47,03,3,0,duckduckgo,20.204.244.192,31.8
2024,03,20,09,47,03,3,0,duckduckgo,20.204.244.192,38.9
2024,03,20,09,47,03,3,0,duckduckgo,20.204.244.192,33.5
2024,03,20,09,47,03,3,0,duckduckgo,20.204.244.192,30.1
2024,03,20,09,47,03,3,0,duckduckgo,20.204.244.192,76.0
2024,03,20,09,47,03,3,0,duckduckgo,20.204.244.192,30.8
2024,03,20,09,47,03,3,0,duckduckgo,20.204.244.192,158
2024,03,20,09,47,03,3,0,duckduckgo,20.204.244.192,68.3
2024,03,20,09,47,03,3,0,duckduckgo,20.204.244.192,30.2
2024,03,20,09,47,03,3,0,duckduckgo,20.204.244.192,29.9
2024,03,20,09,47,03,3,0,duckduckgo,20.204.244.192,40.8
2024,03,20,09,47,03,3,0,duckduckgo,20.204.244.192,36.1
2024,03,20,09,47,03,3,0,duckduckgo,20.204.244.192,28.7
2024,03,20,09,47,03,3,0,duckduckgo,20.204.244.192,55.3
2024,03,20,09,47,03,3,0,duckduckgo,20.204.244.192,112
2024,03,20,09,47,03,3,0,duckduckgo,20.204.244.192,1384
2024,03,20,09,47,03,3,0,duckduckgo,20.204.244.192,720
2024,03,20,09,47,03,3,0,duckduckgo,20.204.244.192,104
2024,03,20,09,47,03,3,0,duckduckgo,20.204.244.192,95.4
2024,03,20,09,47,03,3,0,duckduckgo,20.204.244.192,29.8
2024,03,20,09,47,03,3,0,duckduckgo,20.204.244.192,129
2024,03,20,09,47,03,3,0,duckduckgo,20.204.244.192,30.8
2024,03,20,09,47,03,3,0,duckduckgo,20.204.244.192,55.9
2024,03,20,09,47,03,3,0,duckduckgo,20.204.244.192,29.8
2024,03,20,09,47,03,3,0,duckduckgo,20.204.244.192,30.2
2024,03,20,09,47,03,3,0,duckduckgo,20.204.244.192,47.4
2024,03,20,09,47,03,3,0,duckduckgo,20.204.244.192,125
2024,03,20,09,47,03,3,0,duckduckgo,20.204.244.192,39.0
2024,03,20,09,47,03,3,0,duckduckgo,20.204.244.192,47.3
2024,03,20,09,47,03,3,0,duckduckgo,20.204.244.192,31.2
2024,03,20,09,47,03,3,0,duckduckgo,20.204.244.192,152
2024,03,20,09,47,03,3,0,duckduckgo,20.204.244.192,35.6
2024,03,20,09,47,03,3,0,duckduckgo,20.204.244.192,30.3
2024,03,20,09,47,03,3,0,duckduckgo,20.204.244.192,125
2024,03,20,09,47,03,3,0,duckduckgo,20.204.244.192,101
2024,03,20,09,47,03,3,0,duckduckgo,20.204.244.192,30.0
2024,03,20,09,47,03,3,0,duckduckgo,20.204.244.192,168
2024,03,20,09,47,03,3,0,duckduckgo,20.204.244.192,115
2024,03,20,09,47,03,3,0,duckduckgo,20.204.244.192,50.4
2024,03,20,09,47,03,3,0,duckduckgo,20.204.244.192,45.5
2024,03,20,09,47,03,3,0,duckduckgo,20.204.244.192,38.6
2024,03,20,09,47,03,3,0,duckduckgo,20.204.244.192,151
2024,03,20,09,47,03,3,0,duckduckgo,20.204.244.192,37.8
2024,03,20,09,47,03,3,0,duckduckgo,20.204.244.192,39.3
2024,03,20,09,47,03,3,0,duckduckgo,20.204.244.192,47.5
2024,03,20,09,47,03,3,0,duckduckgo,20.204.244.192,127
2024,03,20,09,47,03,3,0,duckduckgo,20.204.244.192,72.6
2024,03,20,09,47,03,3,0,duckduckgo,20.204.244.192,143
2024,03,21,10,38,36,4,0,duckduckgo,20.204.244.192,36.9
2024,03,21,10,38,36,4,0,duckduckgo,20.204.244.192,38.1
2024,03,21,10,38,36,4,0,duckduckgo,20.204.244.192,42.4
2024,03,21,10,38,36,4,0,duckduckgo,20.204.244.192,37.9
2024,03,21,10,38,36,4,0,duckduckgo,20.204.244.192,103
2024,03,21,10,38,36,4,0,duckduckgo,20.204.244.192,738
2024,03,21,10,38,36,4,0,duckduckgo,20.204.244.192,102
2024,03,21,10,38,36,4,0,duckduckgo,20.204.244.192,36.7
2024,03,21,10,38,36,4,0,duckduckgo,20.204.244.192,39.1
2024,03,21,10,38,36,4,0,duckduckgo,20.204.244.192,184
2024,03,21,10,38,36,4,0,duckduckgo,20.204.244.192,94.1
2024,03,21,10,38,36,4,0,duckduckgo,20.204.244.192,36.4
2024,03,21,10,38,36,4,0,duckduckgo,20.204.244.192,41.4
2024,03,21,10,38,36,4,0,duckduckgo,20.204.244.192,161
2024,03,21,10,38,36,4,0,duckduckgo,20.204.244.192,62.0
2024,03,21,10,38,36,4,0,duckduckgo,20.204.244.192,84.4
2024,03,21,10,38,36,4,0,duckduckgo,20.204.244.192,58.0
2024,03,21,10,38,36,4,0,duckduckgo,20.204.244.192,306
2024,03,21,10,38,36,4,0,duckduckgo,20.204.244.192,69.9
2024,03,21,10,38,36,4,0,duckduckgo,20.204.244.192,142
2024,03,21,10,38,36,4,0,duckduckgo,20.204.244.192,56.2
2024,03,21,10,38,36,4,0,duckduckgo,20.204.244.192,35.0
2024,03,21,10,38,36,4,0,duckduckgo,20.204.244.192,118
2024,03,21,10,38,36,4,0,duckduckgo,20.204.244.192,81.9
2024,03,21,10,38,36,4,0,duckduckgo,20.204.244.192,36.5
2024,03,21,10,38,36,4,0,duckduckgo,20.204.244.192,308
2024,03,21,10,38,36,4,0,duckduckgo,20.204.244.192,332
2024,03,21,10,38,36,4,0,duckduckgo,20.204.244.192,355
2024,03,21,10,38,36,4,0,duckduckgo,20.204.244.192,35.1
2024,03,21,10,38,36,4,0,duckduckgo,20.204.244.192,1821
2024,03,21,10,38,36,4,0,duckduckgo,20.204.244.192,797
2024,03,21,10,38,36,4,0,duckduckgo,20.204.244.192,212
2024,03,21,10,38,36,4,0,duckduckgo,20.204.244.192,343
2024,03,21,10,38,36,4,0,duckduckgo,20.204.244.192,42.9
2024,03,21,10,38,36,4,0,duckduckgo,20.204.244.192,36.9
2024,03,21,10,38,36,4,0,duckduckgo,20.204.244.192,110
2024,03,21,10,38,36,4,0,duckduckgo,20.204.244.192,1037
2024,03,21,10,38,36,4,0,duckduckgo,20.204.244.192,231
2024,03,21,10,38,36,4,0,duckduckgo,20.204.244.192,93.0
2024,03,21,10,38,36,4,0,duckduckgo,20.204.244.192,115
2024,03,21,10,38,36,4,0,duckduckgo,20.204.244.192,127
2024,03,21,10,38,36,4,0,duckduckgo,20.204.244.192,46.7
2024,03,21,10,38,36,4,0,duckduckgo,20.204.244.192,76.1
2024,03,21,10,38,36,4,0,duckduckgo,20.204.244.192,86.5
2024,03,21,10,38,36,4,0,duckduckgo,20.204.244.192,85.6
2024,03,21,10,38,36,4,0,duckduckgo,20.204.244.192,168
2024,03,21,10,38,36,4,0,duckduckgo,20.204.244.192,82.8
2024,03,21,10,38,36,4,0,duckduckgo,20.204.244.192,101
2024,03,21,10,38,36,4,0,duckduckgo,20.204.244.192,129
2024,03,21,10,38,36,4,0,duckduckgo,20.204.244.192,52.0
2024,03,20,09,05,33,3,0,duckduckgo,20.204.244.192,26.9
2024,03,20,09,05,33,3,0,duckduckgo,20.204.244.192,26.8
2024,03,20,09,05,33,3,0,duckduckgo,20.204.244.192,27.2
2024,03,20,09,05,33,3,0,duckduckgo,20.204.244.192,30.2
2024,03,20,09,05,33,3,0,duckduckgo,20.204.244.192,27.6
2024,03,20,09,05,33,3,0,duckduckgo,20.204.244.192,27.5
2024,03,20,09,05,33,3,0,duckduckgo,20.204.244.192,29.9
2024,03,20,09,05,33,3,0,duckduckgo,20.204.244.192,27.5
2024,03,20,09,05,33,3,0,duckduckgo,20.204.244.192,27.7
2024,03,20,09,05,33,3,0,duckduckgo,20.204.244.192,27.4
2024,03,20,09,05,33,3,0,duckduckgo,20.204.244.192,27.2
2024,03,20,09,05,33,3,0,duckduckgo,20.204.244.192,27.1
2024,03,20,09,05,33,3,0,duckduckgo,20.204.244.192,27.5
2024,03,20,09,05,33,3,0,duckduckgo,20.204.244.192,27.5
2024,03,20,09,05,33,3,0,duckduckgo,20.204.244.192,27.8
2024,03,20,09,05,33,3,0,duckduckgo,20.204.244.192,27.3
2024,03,20,09,05,33,3,0,duckduckgo,20.204.244.192,28.2
2024,03,20,09,05,33,3,0,duckduckgo,20.204.244.192,27.0
2024,03,20,09,05,33,3,0,duckduckgo,20.204.244.192,28.4
2024,03,20,09,05,33,3,0,duckduckgo,20.204.244.192,27.1
2024,03,20,09,05,33,3,0,duckduckgo,20.204.244.192,27.4
2024,03,20,09,05,33,3,0,duckduckgo,20.204.244.192,27.4
2024,03,20,09,05,33,3,0,duckduckgo,20.204.244.192,27.2
2024,03,20,09,05,33,3,0,duckduckgo,20.204.244.192,27.1
2024,03,20,09,05,33,3,0,duckduckgo,20.204.244.192,27.1
2024,03,20,09,05,33,3,0,duckduckgo,20.204.244.192,27.3
2024,03,20,09,05,33,3,0,duckduckgo,20.204.244.192,27.2
2024,03,20,09,05,33,3,0,duckduckgo,20.204.244.192,27.0
2024,03,20,09,05,33,3,0,duckduckgo,20.204.244.192,26.9
2024,03,20,09,05,33,3,0,duckduckgo,20.204.244.192,26.8
2024,03,20,09,05,33,3,0,duckduckgo,20.204.244.192,27.0
2024,03,20,09,05,33,3,0,duckduckgo,20.204.244.192,27.4
2024,03,20,09,05,33,3,0,duckduckgo,20.204.244.192,26.7
2024,03,20,09,05,33,3,0,duckduckgo,20.204.244.192,27.0
2024,03,20,09,05,33,3,0,duckduckgo,20.204.244.192,26.8
2024,03,20,09,05,33,3,0,duckduckgo,20.204.244.192,27.0
2024,03,20,09,05,33,3,0,duckduckgo,20.204.244.192,27.9
2024,03,20,09,05,33,3,0,duckduckgo,20.204.244.192,27.8
2024,03,20,09,05,33,3,0,duckduckgo,20.204.244.192,28.3
2024,03,20,09,05,33,3,0,duckduckgo,20.204.244.192,27.4
2024,03,20,09,05,33,3,0,duckduckgo,20.204.244.192,27.0
2024,03,20,09,05,33,3,0,duckduckgo,20.204.244.192,27.5
2024,03,20,09,05,33,3,0,duckduckgo,20.204.244.192,27.2
2024,03,20,09,05,33,3,0,duckduckgo,20.204.244.192,27.4
2024,03,20,09,05,33,3,0,duckduckgo,20.204.244.192,27.3
2024,03,20,09,05,33,3,0,duckduckgo,20.204.244.192,27.7
2024,03,20,09,05,33,3,0,duckduckgo,20.204.244.192,27.3
2024,03,20,09,05,33,3,0,duckduckgo,20.204.244.192,27.5
2024,03,20,09,05,33,3,0,duckduckgo,20.204.244.192,27.6
2024,03,20,09,05,33,3,0,duckduckgo,20.204.244.192,27.5
2024,03,20,09,47,03,3,0,duckduckgo,20.204.244.192,182
2024,03,20,09,47,03,3,0,duckduckgo,20.204.244.192,93.8
2024,03,20,09,47,03,3,0,duckduckgo,20.204.244.192,31.8
2024,03,20,09,47,03,3,0,duckduckgo,20.204.244.192,38.9
2024,03,20,09,47,03,3,0,duckduckgo,20.204.244.192,33.5
2024,03,20,09,47,03,3,0,duckduckgo,20.204.244.192,30.1
2024,03,20,09,47,03,3,0,duckduckgo,20.204.244.192,76.0
2024,03,20,09,47,03,3,0,duckduckgo,20.204.244.192,30.8
2024,03,20,09,47,03,3,0,duckduckgo,20.204.244.192,158
2024,03,20,09,47,03,3,0,duckduckgo,20.204.244.192,68.3
2024,03,20,09,47,03,3,0,duckduckgo,20.204.244.192,30.2
2024,03,20,09,47,03,3,0,duckduckgo,20.204.244.192,29.9
2024,03,20,09,47,03,3,0,duckduckgo,20.204.244.192,40.8
2024,03,20,09,47,03,3,0,duckduckgo,20.204.244.192,36.1
2024,03,20,09,47,03,3,0,duckduckgo,20.204.244.192,28.7
2024,03,20,09,47,03,3,0,duckduckgo,20.204.244.192,55.3
2024,03,20,09,47,03,3,0,duckduckgo,20.204.244.192,112
2024,03,20,09,47,03,3,0,duckduckgo,20.204.244.192,1384
2024,03,20,09,47,03,3,0,duckduckgo,20.204.244.192,720
2024,03,20,09,47,03,3,0,duckduckgo,20.204.244.192,104
2024,03,20,09,47,03,3,0,duckduckgo,20.204.244.192,95.4
2024,03,20,09,47,03,3,0,duckduckgo,20.204.244.192,29.8
2024,03,20,09,47,03,3,0,duckduckgo,20.204.244.192,129
2024,03,20,09,47,03,3,0,duckduckgo,20.204.244.192,30.8
2024,03,20,09,47,03,3,0,duckduckgo,20.204.244.192,55.9
2024,03,20,09,47,03,3,0,duckduckgo,20.204.244.192,29.8
2024,03,20,09,47,03,3,0,duckduckgo,20.204.244.192,30.2
2024,03,20,09,47,03,3,0,duckduckgo,20.204.244.192,47.4
2024,03,20,09,47,03,3,0,duckduckgo,20.204.244.192,125
2024,03,20,09,47,03,3,0,duckduckgo,20.204.244.192,39.0
2024,03,20,09,47,03,3,0,duckduckgo,20.204.244.192,47.3
2024,03,20,09,47,03,3,0,duckduckgo,20.204.244.192,31.2
2024,03,20,09,47,03,3,0,duckduckgo,20.204.244.192,152
2024,03,20,09,47,03,3,0,duckduckgo,20.204.244.192,35.6
2024,03,20,09,47,03,3,0,duckduckgo,20.204.244.192,30.3
2024,03,20,09,47,03,3,0,duckduckgo,20.204.244.192,125
2024,03,20,09,47,03,3,0,duckduckgo,20.204.244.192,101
2024,03,20,09,47,03,3,0,duckduckgo,20.204.244.192,30.0
2024,03,20,09,47,03,3,0,duckduckgo,20.204.244.192,168
2024,03,20,09,47,03,3,0,duckduckgo,20.204.244.192,115
2024,03,20,09,47,03,3,0,duckduckgo,20.204.244.192,50.4
2024,03,20,09,47,03,3,0,duckduckgo,20.204.244.192,45.5
2024,03,20,09,47,03,3,0,duckduckgo,20.204.244.192,38.6
2024,03,20,09,47,03,3,0,duckduckgo,20.204.244.192,151
2024,03,20,09,47,03,3,0,duckduckgo,20.204.244.192,37.8
2024,03,20,09,47,03,3,0,duckduckgo,20.204.244.192,39.3
2024,03,20,09,47,03,3,0,duckduckgo,20.204.244.192,47.5
2024,03,20,09,47,03,3,0,duckduckgo,20.204.244.192,127
2024,03,20,09,47,03,3,0,duckduckgo,20.204.244.192,72.6
2024,03,20,09,47,03,3,0,duckduckgo,20.204.244.192,143
2024,03,21,10,38,36,4,0,duckduckgo,20.204.244.192,36.9
2024,03,21,10,38,36,4,0,duckduckgo,20.204.244.192,38.1
2024,03,21,10,38,36,4,0,duckduckgo,20.204.244.192,42.4
2024,03,21,10,38,36,4,0,duckduckgo,20.204.244.192,37.9
2024,03,21,10,38,36,4,0,duckduckgo,20.204.244.192,103
2024,03,21,10,38,36,4,0,duckduckgo,20.204.244.192,738
2024,03,21,10,38,36,4,0,duckduckgo,20.204.244.192,102
2024,03,21,10,38,36,4,0,duckduckgo,20.204.244.192,36.7
2024,03,21,10,38,36,4,0,duckduckgo,20.204.244.192,39.1
2024,03,21,10,38,36,4,0,duckduckgo,20.204.244.192,184
2024,03,21,10,38,36,4,0,duckduckgo,20.204.244.192,94.1
2024,03,21,10,38,36,4,0,duckduckgo,20.204.244.192,36.4
2024,03,21,10,38,36,4,0,duckduckgo,20.204.244.192,41.4
2024,03,21,10,38,36,4,0,duckduckgo,20.204.244.192,161
2024,03,21,10,38,36,4,0,duckduckgo,20.204.244.192,62.0
2024,03,21,10,38,36,4,0,duckduckgo,20.204.244.192,84.4
2024,03,21,10,38,36,4,0,duckduckgo,20.204.244.192,58.0
2024,03,21,10,38,36,4,0,duckduckgo,20.204.244.192,306
2024,03,21,10,38,36,4,0,duckduckgo,20.204.244.192,69.9
2024,03,21,10,38,36,4,0,duckduckgo,20.204.244.192,142
2024,03,21,10,38,36,4,0,duckduckgo,20.204.244.192,56.2
2024,03,21,10,38,36,4,0,duckduckgo,20.204.244.192,35.0
2024,03,21,10,38,36,4,0,duckduckgo,20.204.244.192,118
2024,03,21,10,38,36,4,0,duckduckgo,20.204.244.192,81.9
2024,03,21,10,38,36,4,0,duckduckgo,20.204.244.192,36.5
2024,03,21,10,38,36,4,0,duckduckgo,20.204.244.192,308
2024,03,21,10,38,36,4,0,duckduckgo,20.204.244.192,332
2024,03,21,10,38,36,4,0,duckduckgo,20.204.244.192,355
2024,03,21,10,38,36,4,0,duckduckgo,20.204.244.192,35.1
2024,03,21,10,38,36,4,0,duckduckgo,20.204.244.192,1821
2024,03,21,10,38,36,4,0,duckduckgo,20.204.244.192,797
2024,03,21,10,38,36,4,0,duckduckgo,20.204.244.192,212
2024,03,21,10,38,36,4,0,duckduckgo,20.204.244.192,343
2024,03,21,10,38,36,4,0,duckduckgo,20.204.244.192,42.9
2024,03,21,10,38,36,4,0,duckduckgo,20.204.244.192,36.9
2024,03,21,10,38,36,4,0,duckduckgo,20.204.244.192,110
2024,03,21,10,38,36,4,0,duckduckgo,20.204.244.192,1037
2024,03,21,10,38,36,4,0,duckduckgo,20.204.244.192,231
2024,03,21,10,38,36,4,0,duckduckgo,20.204.244.192,93.0
2024,03,21,10,38,36,4,0,duckduckgo,20.204.244.192,115
2024,03,21,10,38,36,4,0,duckduckgo,20.204.244.192,127
2024,03,21,10,38,36,4,0,duckduckgo,20.204.244.192,46.7
2024,03,21,10,38,36,4,0,duckduckgo,20.204.244.192,76.1
2024,03,21,10,38,36,4,0,duckduckgo,20.204.244.192,86.5
2024,03,21,10,38,36,4,0,duckduckgo,20.204.244.192,85.6
2024,03,21,10,38,36,4,0,duckduckgo,20.204.244.192,168
2024,03,21,10,38,36,4,0,duckduckgo,20.204.244.192,82.8
2024,03,21,10,38,36,4,0,duckduckgo,20.204.244.192,101
2024,03,21,10,38,36,4,0,duckduckgo,20.204.244.192,129
2024,03,21,10,38,36,4,0,duckduckgo,20.204.244.192,52.0
2024,03,21,14,06,21,4,0,duckduckgo,20.204.244.192,37.9
2024,03,21,14,06,21,4,0,duckduckgo,20.204.244.192,37.3
2024,03,21,14,06,21,4,0,duckduckgo,20.204.244.192,97.4
2024,03,21,14,06,21,4,0,duckduckgo,20.204.244.192,121
2024,03,21,14,06,21,4,0,duckduckgo,20.204.244.192,42.4
2024,03,21,14,06,21,4,0,duckduckgo,20.204.244.192,64.9
2024,03,21,14,06,21,4,0,duckduckgo,20.204.244.192,91.3
2024,03,21,14,06,21,4,0,duckduckgo,20.204.244.192,46.7
2024,03,21,14,06,21,4,0,duckduckgo,20.204.244.192,48.6
2024,03,21,14,06,21,4,0,duckduckgo,20.204.244.192,58.2
2024,03,21,14,06,21,4,0,duckduckgo,20.204.244.192,40.6
2024,03,21,14,06,21,4,0,duckduckgo,20.204.244.192,62.9
2024,03,21,14,06,21,4,0,duckduckgo,20.204.244.192,85.5
2024,03,21,14,06,21,4,0,duckduckgo,20.204.244.192,99.6
2024,03,21,14,06,21,4,0,duckduckgo,20.204.244.192,122
2024,03,21,14,06,21,4,0,duckduckgo,20.204.244.192,112
2024,03,21,14,06,21,4,0,duckduckgo,20.204.244.192,136
2024,03,21,14,06,21,4,0,duckduckgo,20.204.244.192,55.8
2024,03,21,14,06,21,4,0,duckduckgo,20.204.244.192,109
2024,03,21,14,06,21,4,0,duckduckgo,20.204.244.192,132
2024,03,21,14,06,21,4,0,duckduckgo,20.204.244.192,31.0
2024,03,21,14,06,21,4,0,duckduckgo,20.204.244.192,48.5
2024,03,21,14,06,21,4,0,duckduckgo,20.204.244.192,61.7
2024,03,21,14,06,21,4,0,duckduckgo,20.204.244.192,90.4
2024,03,21,14,06,21,4,0,duckduckgo,20.204.244.192,116
2024,03,21,14,06,21,4,0,duckduckgo,20.204.244.192,139
2024,03,21,14,06,21,4,0,duckduckgo,20.204.244.192,68.5
2024,03,21,14,06,21,4,0,duckduckgo,20.204.244.192,54.3
2024,03,21,14,06,21,4,0,duckduckgo,20.204.244.192,62.8
2024,03,21,14,06,21,4,0,duckduckgo,20.204.244.192,67.9
2024,03,21,14,06,21,4,0,duckduckgo,20.204.244.192,140
2024,03,21,14,06,21,4,0,duckduckgo,20.204.244.192,61.3
2024,03,21,14,06,21,4,0,duckduckgo,20.204.244.192,102
2024,03,21,14,06,21,4,0,duckduckgo,20.204.244.192,124
2024,03,21,14,06,21,4,0,duckduckgo,20.204.244.192,45.5
2024,03,21,14,06,21,4,0,duckduckgo,20.204.244.192,67.7
2024,03,21,14,06,21,4,0,duckduckgo,20.204.244.192,89.9
2024,03,21,14,06,21,4,0,duckduckgo,20.204.244.192,112
2024,03,21,14,06,21,4,0,duckduckgo,20.204.244.192,114
2024,03,21,14,06,21,4,0,duckduckgo,20.204.244.192,112
2024,03,21,14,06,21,4,0,duckduckgo,20.204.244.192,32.7
2024,03,21,14,06,21,4,0,duckduckgo,20.204.244.192,108
2024,03,21,14,06,21,4,0,duckduckgo,20.204.244.192,131
2024,03,21,14,06,21,4,0,duckduckgo,20.204.244.192,50.8
2024,03,21,14,06,21,4,0,duckduckgo,20.204.244.192,73.1
2024,03,21,14,06,21,4,0,duckduckgo,20.204.244.192,89.8
2024,03,21,14,06,21,4,0,duckduckgo,20.204.244.192,46.5
2024,03,21,14,06,21,4,0,duckduckgo,20.204.244.192,45.5
2024,03,21,14,06,21,4,0,duckduckgo,20.204.244.192,32.5
2024,03,21,14,06,21,4,0,duckduckgo,20.204.244.192,55.7
2024,03,20,09,04,18,3,0,google,142.250.195.78,38.2
2024,03,20,09,04,18,3,0,google,142.250.195.78,12.9
2024,03,20,09,04,18,3,0,google,142.250.195.78,12.7
2024,03,20,09,04,18,3,0,google,142.250.195.78,12.7
2024,03,20,09,04,18,3,0,google,142.250.195.78,15.1
2024,03,20,09,04,18,3,0,google,142.250.195.78,13.5
2024,03,20,09,04,18,3,0,google,142.250.195.78,13.5
2024,03,20,09,04,18,3,0,google,142.250.195.78,13.5
2024,03,20,09,04,18,3,0,google,142.250.195.78,11.0
2024,03,20,09,04,18,3,0,google,142.250.195.78,14.1
2024,03,20,09,04,18,3,0,google,142.250.195.78,14.4
2024,03,20,09,04,18,3,0,google,142.250.195.78,14.2
2024,03,20,09,04,18,3,0,google,142.250.195.78,13.1
2024,03,20,09,04,18,3,0,google,142.250.195.78,76.4
2024,03,20,09,04,18,3,0,google,142.250.195.78,14.2
2024,03,20,09,04,18,3,0,google,142.250.195.78,14.1
2024,03,20,09,04,18,3,0,google,142.250.195.78,13.6
2024,03,20,09,04,18,3,0,google,142.250.195.78,13.4
2024,03,20,09,04,18,3,0,google,142.250.195.78,13.6
2024,03,20,09,04,18,3,0,google,142.250.195.78,13.9
2024,03,20,09,04,18,3,0,google,142.250.195.78,12.9
2024,03,20,09,04,18,3,0,google,142.250.195.78,13.2
2024,03,20,09,04,18,3,0,google,142.250.195.78,13.0
2024,03,20,09,04,18,3,0,google,142.250.195.78,12.9
2024,03,20,09,04,18,3,0,google,142.250.195.78,13.2
2024,03,20,09,04,18,3,0,google,142.250.195.78,13.5
2024,03,20,09,04,18,3,0,google,142.250.195.78,13.0
2024,03,20,09,04,18,3,0,google,142.250.195.78,13.7
2024,03,20,09,04,18,3,0,google,142.250.195.78,13.2
2024,03,20,09,04,18,3,0,google,142.250.195.78,13.2
2024,03,20,09,04,18,3,0,google,142.250.195.78,13.5
2024,03,20,09,04,18,3,0,google,142.250.195.78,16.9
2024,03,20,09,04,18,3,0,google,142.250.195.78,13.3
2024,03,20,09,04,18,3,0,google,142.250.195.78,13.1
2024,03,20,09,04,18,3,0,google,142.250.195.78,13.2
2024,03,20,09,04,18,3,0,google,142.250.195.78,14.0
2024,03,20,09,04,18,3,0,google,142.250.195.78,13.9
2024,03,20,09,04,18,3,0,google,142.250.195.78,13.1
2024,03,20,09,04,18,3,0,google,142.250.195.78,13.2
2024,03,20,09,04,18,3,0,google,142.250.195.78,13.2
2024,03,20,09,04,18,3,0,google,142.250.195.78,17.6
2024,03,20,09,04,18,3,0,google,142.250.195.78,12.8
2024,03,20,09,04,18,3,0,google,142.250.195.78,13.4
2024,03,20,09,04,18,3,0,google,142.250.195.78,13.1
2024,03,20,09,04,18,3,0,google,142.250.195.78,13.4
2024,03,20,09,04,18,3,0,google,142.250.195.78,13.3
2024,03,20,09,04,18,3,0,google,142.250.195.78,13.1
2024,03,20,09,04,18,3,0,google,142.250.195.78,13.1
2024,03,20,09,04,18,3,0,google,142.250.195.78,14.1
2024,03,20,09,04,18,3,0,google,142.250.195.78,38.2
2024,03,20,09,04,18,3,0,google,142.250.195.78,12.9
2024,03,20,09,04,18,3,0,google,142.250.195.78,12.7
2024,03,20,09,04,18,3,0,google,142.250.195.78,12.7
2024,03,20,09,04,18,3,0,google,142.250.195.78,15.1
2024,03,20,09,04,18,3,0,google,142.250.195.78,13.5
2024,03,20,09,04,18,3,0,google,142.250.195.78,13.5
2024,03,20,09,04,18,3,0,google,142.250.195.78,13.5
2024,03,20,09,04,18,3,0,google,142.250.195.78,11.0
2024,03,20,09,04,18,3,0,google,142.250.195.78,14.1
2024,03,20,09,04,18,3,0,google,142.250.195.78,14.4
2024,03,20,09,04,18,3,0,google,142.250.195.78,14.2
2024,03,20,09,04,18,3,0,google,142.250.195.78,13.1
2024,03,20,09,04,18,3,0,google,142.250.195.78,76.4
2024,03,20,09,04,18,3,0,google,142.250.195.78,14.2
2024,03,20,09,04,18,3,0,google,142.250.195.78,14.1
2024,03,20,09,04,18,3,0,google,142.250.195.78,13.6
2024,03,20,09,04,18,3,0,google,142.250.195.78,13.4
2024,03,20,09,04,18,3,0,google,142.250.195.78,13.6
2024,03,20,09,04,18,3,0,google,142.250.195.78,13.9
2024,03,20,09,04,18,3,0,google,142.250.195.78,12.9
2024,03,20,09,04,18,3,0,google,142.250.195.78,13.2
2024,03,20,09,04,18,3,0,google,142.250.195.78,13.0
2024,03,20,09,04,18,3,0,google,142.250.195.78,12.9
2024,03,20,09,04,18,3,0,google,142.250.195.78,13.2
2024,03,20,09,04,18,3,0,google,142.250.195.78,13.5
2024,03,20,09,04,18,3,0,google,142.250.195.78,13.0
2024,03,20,09,04,18,3,0,google,142.250.195.78,13.7
2024,03,20,09,04,18,3,0,google,142.250.195.78,13.2
2024,03,20,09,04,18,3,0,google,142.250.195.78,13.2
2024,03,20,09,04,18,3,0,google,142.250.195.78,13.5
2024,03,20,09,04,18,3,0,google,142.250.195.78,16.9
2024,03,20,09,04,18,3,0,google,142.250.195.78,13.3
2024,03,20,09,04,18,3,0,google,142.250.195.78,13.1
2024,03,20,09,04,18,3,0,google,142.250.195.78,13.2
2024,03,20,09,04,18,3,0,google,142.250.195.78,14.0
2024,03,20,09,04,18,3,0,google,142.250.195.78,13.9
2024,03,20,09,04,18,3,0,google,142.250.195.78,13.1
2024,03,20,09,04,18,3,0,google,142.250.195.78,13.2
2024,03,20,09,04,18,3,0,google,142.250.195.78,13.2
2024,03,20,09,04,18,3,0,google,142.250.195.78,17.6
2024,03,20,09,04,18,3,0,google,142.250.195.78,12.8
2024,03,20,09,04,18,3,0,google,142.250.195.78,13.4
2024,03,20,09,04,18,3,0,google,142.250.195.78,13.1
2024,03,20,09,04,18,3,0,google,142.250.195.78,13.4
2024,03,20,09,04,18,3,0,google,142.250.195.78,13.3
2024,03,20,09,04,18,3,0,google,142.250.195.78,13.1
2024,03,20,09,04,18,3,0,google,142.250.195.78,13.1
2024,03,20,09,04,18,3,0,google,142.250.195.78,14.1
2024,03,20,09,45,29,3,0,google,142.250.196.46,157
2024,03,20,09,45,29,3,0,google,142.250.196.46,68.0
2024,03,20,09,45,29,3,0,google,142.250.196.46,17.6
2024,03,20,09,45,29,3,0,google,142.250.196.46,29.0
2024,03,20,09,45,29,3,0,google,142.250.196.46,203
2024,03,20,09,45,29,3,0,google,142.250.196.46,129
2024,03,20,09,45,29,3,0,google,142.250.196.46,74.3
2024,03,20,09,45,29,3,0,google,142.250.196.46,40.2
2024,03,20,09,45,29,3,0,google,142.250.196.46,149
2024,03,20,09,45,29,3,0,google,142.250.196.46,16.5
2024,03,20,09,45,29,3,0,google,142.250.196.46,160
2024,03,20,09,45,29,3,0,google,142.250.196.46,123
2024,03,20,09,45,29,3,0,google,142.250.196.46,13.3
2024,03,20,09,45,29,3,0,google,142.250.196.46,33.1
2024,03,20,09,45,29,3,0,google,142.250.196.46,31.5
2024,03,20,09,45,29,3,0,google,142.250.196.46,18.3
2024,03,20,09,45,29,3,0,google,142.250.196.46,21.9
2024,03,20,09,45,29,3,0,google,142.250.196.46,25.5
2024,03,20,09,45,29,3,0,google,142.250.196.46,26.8
2024,03,20,09,45,29,3,0,google,142.250.196.46,12.9
2024,03,20,09,45,29,3,0,google,142.250.196.46,17.4
2024,03,20,09,45,29,3,0,google,142.250.196.46,97.3
2024,03,20,09,45,29,3,0,google,142.250.196.46,15.8
2024,03,20,09,45,29,3,0,google,142.250.196.46,13.6
2024,03,20,09,45,29,3,0,google,142.250.196.46,13.3
2024,03,20,09,45,29,3,0,google,142.250.196.46,13.5
2024,03,20,09,45,29,3,0,google,142.250.196.46,15.8
2024,03,20,09,45,29,3,0,google,142.250.196.46,22.6
2024,03,20,09,45,29,3,0,google,142.250.196.46,12.5
2024,03,20,09,45,29,3,0,google,142.250.196.46,123
2024,03,20,09,45,29,3,0,google,142.250.196.46,89.2
2024,03,20,09,45,29,3,0,google,142.250.196.46,246
2024,03,20,09,45,29,3,0,google,142.250.196.46,184
2024,03,20,09,45,29,3,0,google,142.250.196.46,11.4
2024,03,20,09,45,29,3,0,google,142.250.196.46,42.4
2024,03,20,09,45,29,3,0,google,142.250.196.46,104
2024,03,20,09,45,29,3,0,google,142.250.196.46,122
2024,03,20,09,45,29,3,0,google,142.250.196.46,71.2
2024,03,20,09,45,29,3,0,google,142.250.196.46,31.6
2024,03,20,09,45,29,3,0,google,142.250.196.46,27.9
2024,03,20,09,45,29,3,0,google,142.250.196.46,21.3
2024,03,20,09,45,29,3,0,google,142.250.196.46,60.4
2024,03,20,09,45,29,3,0,google,142.250.196.46,66.7
2024,03,20,09,45,29,3,0,google,142.250.196.46,13.8
2024,03,20,09,45,29,3,0,google,142.250.196.46,45.8
2024,03,20,09,45,29,3,0,google,142.250.196.46,169
2024,03,20,09,45,29,3,0,google,142.250.196.46,146
2024,03,20,09,45,29,3,0,google,142.250.196.46,488
2024,03,20,09,45,29,3,0,google,142.250.196.46,22.6
2024,03,21,10,36,24,4,0,google,142.250.196.46,15.8
2024,03,21,10,36,24,4,0,google,142.250.196.46,15.2
2024,03,21,10,36,24,4,0,google,142.250.196.46,15.8
2024,03,21,10,36,24,4,0,google,142.250.196.46,144
2024,03,21,10,36,24,4,0,google,142.250.196.46,15.6
2024,03,21,10,36,24,4,0,google,142.250.196.46,149
2024,03,21,10,36,24,4,0,google,142.250.196.46,14.4
2024,03,21,10,36,24,4,0,google,142.250.196.46,100
2024,03,21,10,36,24,4,0,google,142.250.196.46,308
2024,03,21,10,36,24,4,0,google,142.250.196.46,140
2024,03,21,10,36,24,4,0,google,142.250.196.46,57.3
2024,03,21,10,36,24,4,0,google,142.250.196.46,17.7
2024,03,21,10,36,24,4,0,google,142.250.196.46,46.9
2024,03,21,10,36,24,4,0,google,142.250.196.46,124
2024,03,21,10,36,24,4,0,google,142.250.196.46,252
2024,03,21,10,36,24,4,0,google,142.250.196.46,17.2
2024,03,21,10,36,24,4,0,google,142.250.196.46,22.4
2024,03,21,10,36,24,4,0,google,142.250.196.46,15.4
2024,03,21,10,36,24,4,0,google,142.250.196.46,783
2024,03,21,10,36,24,4,0,google,142.250.196.46,25.7
2024,03,21,10,36,24,4,0,google,142.250.196.46,1205
2024,03,21,10,36,24,4,0,google,142.250.196.46,193
2024,03,21,10,36,24,4,0,google,142.250.196.46,120
2024,03,21,10,36,24,4,0,google,142.250.196.46,135
2024,03,21,10,36,24,4,0,google,142.250.196.46,38.6
2024,03,21,10,36,24,4,0,google,142.250.196.46,21.2
2024,03,21,10,36,24,4,0,google,142.250.196.46,13.8
2024,03,21,10,36,24,4,0,google,142.250.196.46,15.9
2024,03,21,10,36,24,4,0,google,142.250.196.46,200
2024,03,21,10,36,24,4,0,google,142.250.196.46,45.8
2024,03,21,10,36,24,4,0,google,142.250.196.46,15.5
2024,03,21,10,36,24,4,0,google,142.250.196.46,16.0
2024,03,21,10,36,24,4,0,google,142.250.196.46,153
2024,03,21,10,36,24,4,0,google,142.250.196.46,19.6
2024,03,21,10,36,24,4,0,google,142.250.196.46,282
2024,03,21,10,36,24,4,0,google,142.250.196.46,111
2024,03,21,10,36,24,4,0,google,142.250.196.46,121
2024,03,21,10,36,24,4,0,google,142.250.196.46,449
2024,03,21,10,36,24,4,0,google,142.250.196.46,14.9
2024,03,21,10,36,24,4,0,google,142.250.196.46,14.0
2024,03,21,10,36,24,4,0,google,142.250.196.46,332
2024,03,21,10,36,24,4,0,google,142.250.196.46,131
2024,03,21,10,36,24,4,0,google,142.250.196.46,17.9
2024,03,21,10,36,24,4,0,google,142.250.196.46,12.7
2024,03,21,10,36,24,4,0,google,142.250.196.46,14.3
2024,03,21,10,36,24,4,0,google,142.250.196.46,119
2024,03,21,10,36,24,4,0,google,142.250.196.46,14.0
2024,03,21,10,36,24,4,0,google,142.250.196.46,61.4
2024,03,21,10,36,24,4,0,google,142.250.196.46,12.8
2024,03,21,10,36,24,4,0,google,142.250.196.46,16.1
2024,03,20,09,04,18,3,0,google,142.250.195.78,38.2
2024,03,20,09,04,18,3,0,google,142.250.195.78,12.9
2024,03,20,09,04,18,3,0,google,142.250.195.78,12.7
2024,03,20,09,04,18,3,0,google,142.250.195.78,12.7
2024,03,20,09,04,18,3,0,google,142.250.195.78,15.1
2024,03,20,09,04,18,3,0,google,142.250.195.78,13.5
2024,03,20,09,04,18,3,0,google,142.250.195.78,13.5
2024,03,20,09,04,18,3,0,google,142.250.195.78,13.5
2024,03,20,09,04,18,3,0,google,142.250.195.78,11.0
2024,03,20,09,04,18,3,0,google,142.250.195.78,14.1
2024,03,20,09,04,18,3,0,google,142.250.195.78,14.4
2024,03,20,09,04,18,3,0,google,142.250.195.78,14.2
2024,03,20,09,04,18,3,0,google,142.250.195.78,13.1
2024,03,20,09,04,18,3,0,google,142.250.195.78,76.4
2024,03,20,09,04,18,3,0,google,142.250.195.78,14.2
2024,03,20,09,04,18,3,0,google,142.250.195.78,14.1
2024,03,20,09,04,18,3,0,google,142.250.195.78,13.6
2024,03,20,09,04,18,3,0,google,142.250.195.78,13.4
2024,03,20,09,04,18,3,0,google,142.250.195.78,13.6
2024,03,20,09,04,18,3,0,google,142.250.195.78,13.9
2024,03,20,09,04,18,3,0,google,142.250.195.78,12.9
2024,03,20,09,04,18,3,0,google,142.250.195.78,13.2
2024,03,20,09,04,18,3,0,google,142.250.195.78,13.0
2024,03,20,09,04,18,3,0,google,142.250.195.78,12.9
2024,03,20,09,04,18,3,0,google,142.250.195.78,13.2
2024,03,20,09,04,18,3,0,google,142.250.195.78,13.5
2024,03,20,09,04,18,3,0,google,142.250.195.78,13.0
2024,03,20,09,04,18,3,0,google,142.250.195.78,13.7
2024,03,20,09,04,18,3,0,google,142.250.195.78,13.2
2024,03,20,09,04,18,3,0,google,142.250.195.78,13.2
2024,03,20,09,04,18,3,0,google,142.250.195.78,13.5
2024,03,20,09,04,18,3,0,google,142.250.195.78,16.9
2024,03,20,09,04,18,3,0,google,142.250.195.78,13.3
2024,03,20,09,04,18,3,0,google,142.250.195.78,13.1
2024,03,20,09,04,18,3,0,google,142.250.195.78,13.2
2024,03,20,09,04,18,3,0,google,142.250.195.78,14.0
2024,03,20,09,04,18,3,0,google,142.250.195.78,13.9
2024,03,20,09,04,18,3,0,google,142.250.195.78,13.1
2024,03,20,09,04,18,3,0,google,142.250.195.78,13.2
2024,03,20,09,04,18,3,0,google,142.250.195.78,13.2
2024,03,20,09,04,18,3,0,google,142.250.195.78,17.6
2024,03,20,09,04,18,3,0,google,142.250.195.78,12.8
2024,03,20,09,04,18,3,0,google,142.250.195.78,13.4
2024,03,20,09,04,18,3,0,google,142.250.195.78,13.1
2024,03,20,09,04,18,3,0,google,142.250.195.78,13.4
2024,03,20,09,04,18,3,0,google,142.250.195.78,13.3
2024,03,20,09,04,18,3,0,google,142.250.195.78,13.1
2024,03,20,09,04,18,3,0,google,142.250.195.78,13.1
2024,03,20,09,04,18,3,0,google,142.250.195.78,14.1
2024,03,20,09,45,29,3,0,google,142.250.196.46,157
2024,03,20,09,45,29,3,0,google,142.250.196.46,68.0
2024,03,20,09,45,29,3,0,google,142.250.196.46,17.6
2024,03,20,09,45,29,3,0,google,142.250.196.46,29.0
2024,03,20,09,45,29,3,0,google,142.250.196.46,203
2024,03,20,09,45,29,3,0,google,142.250.196.46,129
2024,03,20,09,45,29,3,0,google,142.250.196.46,74.3
2024,03,20,09,45,29,3,0,google,142.250.196.46,40.2
2024,03,20,09,45,29,3,0,google,142.250.196.46,149
2024,03,20,09,45,29,3,0,google,142.250.196.46,16.5
2024,03,20,09,45,29,3,0,google,142.250.196.46,160
2024,03,20,09,45,29,3,0,google,142.250.196.46,123
2024,03,20,09,45,29,3,0,google,142.250.196.46,13.3
2024,03,20,09,45,29,3,0,google,142.250.196.46,33.1
2024,03,20,09,45,29,3,0,google,142.250.196.46,31.5
2024,03,20,09,45,29,3,0,google,142.250.196.46,18.3
2024,03,20,09,45,29,3,0,google,142.250.196.46,21.9
2024,03,20,09,45,29,3,0,google,142.250.196.46,25.5
2024,03,20,09,45,29,3,0,google,142.250.196.46,26.8
2024,03,20,09,45,29,3,0,google,142.250.196.46,12.9
2024,03,20,09,45,29,3,0,google,142.250.196.46,17.4
2024,03,20,09,45,29,3,0,google,142.250.196.46,97.3
2024,03,20,09,45,29,3,0,google,142.250.196.46,15.8
2024,03,20,09,45,29,3,0,google,142.250.196.46,13.6
2024,03,20,09,45,29,3,0,google,142.250.196.46,13.3
2024,03,20,09,45,29,3,0,google,142.250.196.46,13.5
2024,03,20,09,45,29,3,0,google,142.250.196.46,15.8
2024,03,20,09,45,29,3,0,google,142.250.196.46,22.6
2024,03,20,09,45,29,3,0,google,142.250.196.46,12.5
2024,03,20,09,45,29,3,0,google,142.250.196.46,123
2024,03,20,09,45,29,3,0,google,142.250.196.46,89.2
2024,03,20,09,45,29,3,0,google,142.250.196.46,246
2024,03,20,09,45,29,3,0,google,142.250.196.46,184
2024,03,20,09,45,29,3,0,google,142.250.196.46,11.4
2024,03,20,09,45,29,3,0,google,142.250.196.46,42.4
2024,03,20,09,45,29,3,0,google,142.250.196.46,104
2024,03,20,09,45,29,3,0,google,142.250.196.46,122
2024,03,20,09,45,29,3,0,google,142.250.196.46,71.2
2024,03,20,09,45,29,3,0,google,142.250.196.46,31.6
2024,03,20,09,45,29,3,0,google,142.250.196.46,27.9
2024,03,20,09,45,29,3,0,google,142.250.196.46,21.3
2024,03,20,09,45,29,3,0,google,142.250.196.46,60.4
2024,03,20,09,45,29,3,0,google,142.250.196.46,66.7
2024,03,20,09,45,29,3,0,google,142.250.196.46,13.8
2024,03,20,09,45,29,3,0,google,142.250.196.46,45.8
2024,03,20,09,45,29,3,0,google,142.250.196.46,169
2024,03,20,09,45,29,3,0,google,142.250.196.46,146
2024,03,20,09,45,29,3,0,google,142.250.196.46,488
2024,03,20,09,45,29,3,0,google,142.250.196.46,22.6
2024,03,21,10,36,24,4,0,google,142.250.196.46,15.8
2024,03,21,10,36,24,4,0,google,142.250.196.46,15.2
2024,03,21,10,36,24,4,0,google,142.250.196.46,15.8
2024,03,21,10,36,24,4,0,google,142.250.196.46,144
2024,03,21,10,36,24,4,0,google,142.250.196.46,15.6
2024,03,21,10,36,24,4,0,google,142.250.196.46,149
2024,03,21,10,36,24,4,0,google,142.250.196.46,14.4
2024,03,21,10,36,24,4,0,google,142.250.196.46,100
2024,03,21,10,36,24,4,0,google,142.250.196.46,308
2024,03,21,10,36,24,4,0,google,142.250.196.46,140
2024,03,21,10,36,24,4,0,google,142.250.196.46,57.3
2024,03,21,10,36,24,4,0,google,142.250.196.46,17.7
2024,03,21,10,36,24,4,0,google,142.250.196.46,46.9
2024,03,21,10,36,24,4,0,google,142.250.196.46,124
2024,03,21,10,36,24,4,0,google,142.250.196.46,252
2024,03,21,10,36,24,4,0,google,142.250.196.46,17.2
2024,03,21,10,36,24,4,0,google,142.250.196.46,22.4
2024,03,21,10,36,24,4,0,google,142.250.196.46,15.4
2024,03,21,10,36,24,4,0,google,142.250.196.46,783
2024,03,21,10,36,24,4,0,google,142.250.196.46,25.7
2024,03,21,10,36,24,4,0,google,142.250.196.46,1205
2024,03,21,10,36,24,4,0,google,142.250.196.46,193
2024,03,21,10,36,24,4,0,google,142.250.196.46,120
2024,03,21,10,36,24,4,0,google,142.250.196.46,135
2024,03,21,10,36,24,4,0,google,142.250.196.46,38.6
2024,03,21,10,36,24,4,0,google,142.250.196.46,21.2
2024,03,21,10,36,24,4,0,google,142.250.196.46,13.8
2024,03,21,10,36,24,4,0,google,142.250.196.46,15.9
2024,03,21,10,36,24,4,0,google,142.250.196.46,200
2024,03,21,10,36,24,4,0,google,142.250.196.46,45.8
2024,03,21,10,36,24,4,0,google,142.250.196.46,15.5
2024,03,21,10,36,24,4,0,google,142.250.196.46,16.0
2024,03,21,10,36,24,4,0,google,142.250.196.46,153
2024,03,21,10,36,24,4,0,google,142.250.196.46,19.6
2024,03,21,10,36,24,4,0,google,142.250.196.46,282
2024,03,21,10,36,24,4,0,google,142.250.196.46,111
2024,03,21,10,36,24,4,0,google,142.250.196.46,121
2024,03,21,10,36,24,4,0,google,142.250.196.46,449
2024,03,21,10,36,24,4,0,google,142.250.196.46,14.9
2024,03,21,10,36,24,4,0,google,142.250.196.46,14.0
2024,03,21,10,36,24,4,0,google,142.250.196.46,332
2024,03,21,10,36,24,4,0,google,142.250.196.46,131
2024,03,21,10,36,24,4,0,google,142.250.196.46,17.9
2024,03,21,10,36,24,4,0,google,142.250.196.46,12.7
2024,03,21,10,36,24,4,0,google,142.250.196.46,14.3
2024,03,21,10,36,24,4,0,google,142.250.196.46,119
2024,03,21,10,36,24,4,0,google,142.250.196.46,14.0
2024,03,21,10,36,24,4,0,google,142.250.196.46,61.4
2024,03,21,10,36,24,4,0,google,142.250.196.46,12.8
2024,03,21,10,36,24,4,0,google,142.250.196.46,16.1
2024,03,21,14,04,56,4,0,google,142.250.196.46,13.7
2024,03,21,14,04,56,4,0,google,142.250.196.46,17.8
2024,03,21,14,04,56,4,0,google,142.250.196.46,14.2
2024,03,21,14,04,56,4,0,google,142.250.196.46,14.3
2024,03,21,14,04,56,4,0,google,142.250.196.46,21.3
2024,03,21,14,04,56,4,0,google,142.250.196.46,12.5
2024,03,21,14,04,56,4,0,google,142.250.196.46,14.8
2024,03,21,14,04,56,4,0,google,142.250.196.46,13.4
2024,03,21,14,04,56,4,0,google,142.250.196.46,14.2
2024,03,21,14,04,56,4,0,google,142.250.196.46,14.5
2024,03,21,14,04,56,4,0,google,142.250.196.46,15.1
2024,03,21,14,04,56,4,0,google,142.250.196.46,14.1
2024,03,21,14,04,56,4,0,google,142.250.196.46,14.4
2024,03,21,14,04,56,4,0,google,142.250.196.46,14.7
2024,03,21,14,04,56,4,0,google,142.250.196.46,13.5
2024,03,21,14,04,56,4,0,google,142.250.196.46,15.3
2024,03,21,14,04,56,4,0,google,142.250.196.46,14.4
2024,03,21,14,04,56,4,0,google,142.250.196.46,14.0
2024,03,21,14,04,56,4,0,google,142.250.196.46,14.2
2024,03,21,14,04,56,4,0,google,142.250.196.46,13.5
2024,03,21,14,04,56,4,0,google,142.250.196.46,16.2
2024,03,21,14,04,56,4,0,google,142.250.196.46,14.3
2024,03,21,14,04,56,4,0,google,142.250.196.46,15.3
2024,03,21,14,04,56,4,0,google,142.250.196.46,14.7
2024,03,21,14,04,56,4,0,google,142.250.196.46,14.4
2024,03,21,14,04,56,4,0,google,142.250.196.46,14.1
2024,03,21,14,04,56,4,0,google,142.250.196.46,14.2
2024,03,21,14,04,56,4,0,google,142.250.196.46,14.8
2024,03,21,14,04,56,4,0,google,142.250.196.46,102
2024,03,21,14,04,56,4,0,google,142.250.196.46,125
2024,03,21,14,04,56,4,0,google,142.250.196.46,17.6
2024,03,21,14,04,56,4,0,google,142.250.196.46,16.2
2024,03,21,14,04,56,4,0,google,142.250.196.46,14.8
2024,03,21,14,04,56,4,0,google,142.250.196.46,14.5
2024,03,21,14,04,56,4,0,google,142.250.196.46,13.7
2024,03,21,14,04,56,4,0,google,142.250.196.46,13.9
2024,03,21,14,04,56,4,0,google,142.250.196.46,18.2
2024,03,21,14,04,56,4,0,google,142.250.196.46,13.7
2024,03,21,14,04,56,4,0,google,142.250.196.46,12.6
2024,03,21,14,04,56,4,0,google,142.250.196.46,15.1
2024,03,21,14,04,56,4,0,google,142.250.196.46,14.1
2024,03,21,14,04,56,4,0,google,142.250.196.46,13.8
2024,03,21,14,04,56,4,0,google,142.250.196.46,13.8
2024,03,21,14,04,56,4,0,google,142.250.196.46,11.6
2024,03,21,14,04,56,4,0,google,142.250.196.46,12.3
2024,03,21,14,04,56,4,0,google,142.250.196.46,12.2
2024,03,21,14,04,56,4,0,google,142.250.196.46,13.1
2024,03,21,14,04,56,4,0,google,142.250.196.46,14.5
2024,03,21,14,04,56,4,0,google,142.250.196.46,14.5
2024,03,21,14,04,56,4,0,google,142.250.196.46,13.7
